title,company,location,link
Javascript Developer (Vue.js / Node.js),Lucky Orange LLC,"Overland Park, KS",https://stackoverflow.com/jobs/374387
Vue.js Software Developer,Liberty Fox Tech,"Bryn Athyn, PA",https://stackoverflow.com/jobs/408206
"Senior Software Engineer- JavaScript, Angular, Vue.js",FactSet,"London, UK",https://stackoverflow.com/jobs/360118
Senior Front-end Developer (Vue.js),Insider,"Kâğıthane, Turkey",https://stackoverflow.com/jobs/403358
Frontend Developer (Vue.js),EJN Corp.,"Tokyo, Japan",https://stackoverflow.com/jobs/331239
Senior Full-Stack Engineer (Vue/Node),Wisely,No office location,https://stackoverflow.com/jobs/405895
"Front-End Developer (HTML, CSS, Vue.js, Animation)",Limesharp,"London, UK",https://stackoverflow.com/jobs/132347
Vue.js Developer,Green Byte Web,"Noida, India",https://stackoverflow.com/jobs/383771
"Frontend Developer interested in React, Vue or Svelte",5 Monkeys Agency AB,"Göteborg, Sweden",https://stackoverflow.com/jobs/408452
Lead Vue.js / PHP developer,HUBX,No office location,https://stackoverflow.com/jobs/397027
(Senior) Javascript Entwickler (m/w/d) mit vue.js Know How,Netfonds AG,"Hamburg, Deutschland",https://stackoverflow.com/jobs/307703
WEB DEVELOPER BERLIN - Full Stack Front/Back End - Vue.js Laravel (m/f/d),CHEQSITE GmbH,"Berlin, Deutschland",https://stackoverflow.com/jobs/399730
Principal Front-End Engineer - Team Lead (Vue.js),"Unanet, Inc.",No office location,https://stackoverflow.com/jobs/406698
"Webentwickler (m/w/d) JavaScript, React und/oder Vue.js",auteon GmbH,"Berlin, Deutschland",https://stackoverflow.com/jobs/399174
フロントエンドエンジニア(AngularJS 、React、Vue.js),MF KESSAI株式会社,"Chiyoda City, Japan",https://stackoverflow.com/jobs/338587
JavaScript (React / Vue.js) Dev to build beautiful entertainment applications,Eve.io,"München, Germany",https://stackoverflow.com/jobs/381682
Mid-Senior Full Stack Developer - Django/VUE.js - 100% remote + flexible hours,ROI Developers,No office location,https://stackoverflow.com/jobs/361431
"Full-stack Developer (.NET/.NET Core, Vue.js)",VismaviaWork in Lithuania,"Vilnius, Lithuania",https://stackoverflow.com/jobs/395628
"Web Developer (Laravel, VueJS)",WESLINK GmbH,"Coesfeld, Deutschland",https://stackoverflow.com/jobs/371041
Vue.js Developer,Green Web Media,"Noida, India",https://stackoverflow.com/jobs/383772
"Webentwickler (m/w/d) JavaScript, React und/oder Vue.js",auteon GmbH,"München, Deutschland",https://stackoverflow.com/jobs/399173
Frontend Developer (Vue or React),EJN Corp.,"Teheran-ro, South Korea",https://stackoverflow.com/jobs/331223
"Full Stack Developer (m/w) (Java, Vue.js, JavaScript, Spring Boot)",RIAG DIGITAL,"Wien, Austria",https://stackoverflow.com/jobs/376574
Full Stack Developer (Laravel & vueJs),Soul Identity,"Pune, India",https://stackoverflow.com/jobs/406344
フロントエンドエンジニア【Vue.js経験者歓迎】,株式会社ジオロジック,"Shibuya City, Japan",https://stackoverflow.com/jobs/338589
Senior Tech Specialist (m/f/d) - JS Fullstack,Motius GmbH,"München, Deutschland",https://stackoverflow.com/jobs/402749
フロントエンドエンジニア【Vue.js経験者歓迎】,株式会社ジオロジック,"Shibuya City, Japan",https://stackoverflow.com/jobs/338589
BtoC向けWebサービス開発(Vue・React),株式会社アイソル,"Tokyo, Japan",https://stackoverflow.com/jobs/332493
Sr Full Stack Systems Architect (Angular/Vue.js/React),HaysviaHays plc,"Raleigh, NC",https://stackoverflow.com/jobs/373017
Vue.js社内管理,株式会社ビーネックスソリューションズ,"Minato City, Japan",https://stackoverflow.com/jobs/406549
【Go/Vue/フルリモートOK!】自社プロダクト「ライクル」Webエンジニア,SO Technologies 株式会社,"Chiyoda City, Japan",https://stackoverflow.com/jobs/394979
"Laravel Developer (Laravel Framework, HTML5, PHP, MySQL, VueJs)",Sedulous,"Ahmedabad, India",https://stackoverflow.com/jobs/365222
"SE 正社員 WEB面接OK 豊洲 Java,Vue.js経験者募集 データ活用プロトシステム開発",株式会社ビーネックスソリューションズ,"Koto City, Japan",https://stackoverflow.com/jobs/403727
Fullstack JavaScript Engineer for an Marketplace SaaS Platform as potential CIO,HeyAMZ UG (haftungsbeschränkt),"Mannheim, Deutschland",https://stackoverflow.com/jobs/387932
Robots in search for a Full Stack Javascript Developer (f/m) (Vienna/Cologne),Humanizing Technologies GmbH,"Wien, Austria",https://stackoverflow.com/jobs/351601
Full-Stack Web-Entwickler (m/w/d),RheinEnergie AG,"Köln, Deutschland",https://stackoverflow.com/jobs/383518
Senior Front-End Developer (m/f/d),DataGuard,"München, Deutschland",https://stackoverflow.com/jobs/281206
Senior Software Engineer,Pedigree Technologies,"Fargo, ND",https://stackoverflow.com/jobs/275888
Full-Stack Web Developer Java,WPS Management GmbH,"Paderborn, Germany",https://stackoverflow.com/jobs/125395
Software Engineer,FactSet,"Hyderabad, India",https://stackoverflow.com/jobs/408131
Développeur full-stack,GO2ROUES,"Bordeaux, France",https://stackoverflow.com/jobs/407409
Full Stack Software Engineer,Mimacom,"Madrid, Spain",https://stackoverflow.com/jobs/390672
Software Architect to drive building modern financial business,Mandatum Life,"Helsinki, Finland",https://stackoverflow.com/jobs/396561
Frontend Engineer (m/f/d) - Working Student or Intern,Motius GmbH,"München, Deutschland",https://stackoverflow.com/jobs/367235
Full Stack PHP Developer (m/f/d) - Bielefeld/Berlin/Remote,Egoditor GmbH,"Berlin, Deutschland",https://stackoverflow.com/jobs/408861
Frontend Developer: AI marketing video platform,OpsTalent,"Wrocław, Poland",https://stackoverflow.com/jobs/350853
Full Stack Developer,Enovational,"Washington, DC",https://stackoverflow.com/jobs/173771
Senior Software Developer* mit Schwerpunkt Web Frontend,inovex GmbH,"Hamburg, Deutschland",https://stackoverflow.com/jobs/238737
Front End Software Engineer,Idea Evolver,"Brooklyn, NY",https://stackoverflow.com/jobs/401822
Front End Software Engineer,Idea Evolver,"Philadelphia, PA",https://stackoverflow.com/jobs/401821
Front-End Ruby Developer,Supply Clinic,"Chicago, IL",https://stackoverflow.com/jobs/372318
"Senior/Lead Software Engineer, passion for building FinTech solutions",Mandatum Life,"Helsinki, Finland",https://stackoverflow.com/jobs/396513
Senior Tech Specialist (m/f/d) - JS Fullstack,Motius GmbH,"München, Deutschland",https://stackoverflow.com/jobs/402749
Senior Software Developer* mit Schwerpunkt Web Frontend,inovex GmbH,"Hamburg, Deutschland",https://stackoverflow.com/jobs/238737
Principal Software Engineer,Citizens Bank,"Providence, RI",https://stackoverflow.com/jobs/405869
Lead Full Stack Developer,ABOUT YOU GmbH,"Hamburg, Deutschland",https://stackoverflow.com/jobs/366480
Senior Full-Stack Developer (Back-end oriented),Tipalti,"Glil Yam, Israel",https://stackoverflow.com/jobs/298932
Frontend Developer,ABOUT YOU GmbH,"Hamburg, Deutschland",https://stackoverflow.com/jobs/304349
(Senior) Frontend Engineer (f/m/d),real.digital,"Köln, Deutschland",https://stackoverflow.com/jobs/403082
Vues Js Developer,AddWeb Solution,"Ahmedabad, India",https://stackoverflow.com/jobs/385088
Front-End Software Engineer,HENNGE K.K.,"Tokyo, Japan",https://stackoverflow.com/jobs/381280
Full Stack .NET Developer (inhouse),Bloemert | Development B.V.,"Staphorst, Netherlands",https://stackoverflow.com/jobs/403362
Senior Frontend Developer (w/m/d),brandung GmbH & Co. KG,"Berlin, Deutschland",https://stackoverflow.com/jobs/363498
Full Stack Web Developer,Spiria Digital,"Gatineau, QC, Canada",https://stackoverflow.com/jobs/367340
PHP Developer,Sportradar AG,"Wien, Austria",https://stackoverflow.com/jobs/408806
Experienced Software Engineer in Tokyo,HTM Corporation,"Minato City, Japan",https://stackoverflow.com/jobs/204322
Front-end Web Developer,Canadian Centre for Child Protection,"Winnipeg, MB, Canada",https://stackoverflow.com/jobs/171155
Full Stack Developer Mobile Gaming (m/w/d),Lotum GmbH,"Bad Nauheim, Deutschland",https://stackoverflow.com/jobs/372990
"Frontend Software Engineer. Evangelist. Enthusiast (Java Script, HTML5) (m/f/x)",financial.com AG,"München, Deutschland",https://stackoverflow.com/jobs/285784
Backend Engineer – Core Engineering Team (f/m/d/),Receeve GmbH,"Hamburg, Germany",https://stackoverflow.com/jobs/351274
Frontend Web Developer (m/w/d),EyeC GmbH,"Hamburg, Deutschland",https://stackoverflow.com/jobs/408135
Développeur Full-Stack H/F – CDI – Paris,SkillValue,"Paris, France",https://stackoverflow.com/jobs/394205
FinTech Developer,OliBank,"Bogota, Colombia",https://stackoverflow.com/jobs/374850
Full Stack Web Developer (m/w/d),EyeC GmbH,"Hamburg, Deutschland",https://stackoverflow.com/jobs/408137
UI Developer (m/w/d),GastroHero GmbH,"Holzwickede, Deutschland",https://stackoverflow.com/jobs/409532
Full Stack Developer,ABOUT YOU GmbH,"Hamburg, Deutschland",https://stackoverflow.com/jobs/355747
"Senior JavaScript-Developer (f/m/d) Cologne, Paderborn or remote",DeepL GmbH,"Köln, Deutschland",https://stackoverflow.com/jobs/392976
Développeur Full-Stack H/F – CDI – Paris,SkillValue,"Paris, France",https://stackoverflow.com/jobs/394205
Front-end Developer,RouteThis,"Waterloo, ON, Canada",https://stackoverflow.com/jobs/407996
Front-End Ruby Developer,Supply Clinic,"Chicago, IL",https://stackoverflow.com/jobs/372318
SENIOR GAME ENGINE DEVELOPER JAVASCRIPT / HTML5: For strategic online games.,Bytro Labs GmbH,"Hamburg, Germany",https://stackoverflow.com/jobs/393508
EOI - Software Engineer and/or Developer,carsales.com Ltd,"Cremorne, Australia",https://stackoverflow.com/jobs/380039
Sr. Software Engineer,Kinship,"Portland, OR",https://stackoverflow.com/jobs/408575
JavaScript Developer,Revolution,"Little Rock, AR",https://stackoverflow.com/jobs/300138
Développeuse / Développeur Full Stack (JavaScript) - Paris,Zenika,"Paris, France",https://stackoverflow.com/jobs/371046
Full Stack Developer,Nurole Ltd,"London, UK",https://stackoverflow.com/jobs/331256
Senior Front-end Engineer,XMind Ltd.,"Shenzhen Shi, China",https://stackoverflow.com/jobs/372168
Frontend Developer,Banjo,"South Jordan, UT",https://stackoverflow.com/jobs/345274
Full-Stack Software Engineer,FactSet,"Austin, TX",https://stackoverflow.com/jobs/350964
"Frontend Developer (w/m/x), 80-100%",dreipol,"Zürich, Schweiz",https://stackoverflow.com/jobs/400706
Senior Full Stack Engineer (Remote OR NYC),Noom,"New York, NY",https://stackoverflow.com/jobs/283522
Lead Frontend Developer,ABOUT YOU GmbH,"Hamburg, Deutschland",https://stackoverflow.com/jobs/396067
Senior Frontend Web Developer (m/w/x),Flagbit GmbH & Co. KG,"Karlsruhe, Deutschland",https://stackoverflow.com/jobs/183457
Mid-Senior Frontend Developer,MediXall.com,"Fort Lauderdale, FL",https://stackoverflow.com/jobs/406266
Full Stack Web Developer,"Art & Logic, Inc.",No office location,https://stackoverflow.com/jobs/370918
Senior Frontend Developer (m/w/d),Neofonie,"Berlin, Deutschland",https://stackoverflow.com/jobs/399676
Software Developer*,3AP AG,"Beograd, Serbia",https://stackoverflow.com/jobs/237521
Front End Developer who loves User Experience,O'Reilly Auto Parts,No office location,https://stackoverflow.com/jobs/208700
Senior Frontend Engineer (m/w/d),grandcentrix GmbH,"Köln, Deutschland",https://stackoverflow.com/jobs/383558
Fullstack Developer (m/f),Sclable Business Solutions GmbH,"Wien, Österreich",https://stackoverflow.com/jobs/396059
Fullstack Developer (m/f),Sclable Business Solutions GmbH,"Wien, Österreich",https://stackoverflow.com/jobs/396059
PHP Entwickler (Backend oder Full Stack)(m/w/d),WunschGutschein,"Düsseldorf, Deutschland",https://stackoverflow.com/jobs/365530
Senior Frontend Engineer (m/w/d),grandcentrix GmbH,"Köln, Deutschland",https://stackoverflow.com/jobs/383558
Junior Software Engineer in Tokyo,HTM Corporation,"Minato City, Japan",https://stackoverflow.com/jobs/204320
フロントエンドエンジニア,HENNGE K.K.,"Tokyo, Japan",https://stackoverflow.com/jobs/381284
Senior Frontend-Entwickler (m/w/d),Ippen Digital GmbH & Co. KG,"München, Deutschland",https://stackoverflow.com/jobs/380986
Full-stack Engineer,naontek AG,"Düsseldorf, Germany",https://stackoverflow.com/jobs/269488
(Senior) Web/Mobile Developer (m/w/d),Lotum GmbH,"Frankfurt am Main, Deutschland",https://stackoverflow.com/jobs/372988
Java Entwickler (m/w/d),MT AG - enabling the adaptive enterprise,"Ratingen, Deutschland",https://stackoverflow.com/jobs/338095
"Software Engineer (Full-Stack): Graph Visualisation, Benchmarking, Web Services",Grakn Labs,"London, UK",https://stackoverflow.com/jobs/294061
Solution Architect,Telia Company,"Solna, Sweden",https://stackoverflow.com/jobs/395730
Frontend Developer e-Commerce (f/m/d),LILLYDOO GmbH,"Frankfurt am Main, Germany",https://stackoverflow.com/jobs/240569
FinTech Developer,OliBank,No office location,https://stackoverflow.com/jobs/384443
HTML5 Frontend Developer: Strategic online games are our passion.,Bytro Labs GmbH,"Hamburg, Germany",https://stackoverflow.com/jobs/393511
Senior Frontend Engineer,Loadsmile,No office location,https://stackoverflow.com/jobs/401723
Software Developer (Remote or Onsite),Aptera Software,"Fort Wayne, IN",https://stackoverflow.com/jobs/246026
(Senior) Software Engineer Backend/ Branche Banking,msg systems ag,"München, Deutschland",https://stackoverflow.com/jobs/384345
Frontend Software Engineer (WebGL 3D WebApp) - 360 Documentation in Construction,bitstars GmbH - a HoloBuilder company,"Aachen, Germany",https://stackoverflow.com/jobs/313141
Experienced Frontend Developer with strong CSS skills (m/f),Typeqast,"Zagreb, Croatia",https://stackoverflow.com/jobs/335842
Security Developer,OliBank,No office location,https://stackoverflow.com/jobs/374851
Web Developer (m/f/d),VEACT GmbH,"München, Deutschland",https://stackoverflow.com/jobs/406444
Full-Stack Developer,Charidy,"Brooklyn, NY",https://stackoverflow.com/jobs/307185
Frontend Engineer,PayPay Corporation.,"Minato City, Japan",https://stackoverflow.com/jobs/292635
Full Stack Developer (80%-100%),onstructive GmbH,"Winterthur, Schweiz",https://stackoverflow.com/jobs/405894
Senior Fullstack Developer (m/f/d) - Stage Curation,SPRING | Axel Springer,"Berlin, Deutschland",https://stackoverflow.com/jobs/360044
Frontend Developer (m/f/d),WPS Management GmbH,"Paderborn, Germany",https://stackoverflow.com/jobs/293572
Senior Fullstack Developer (m/f/d) - Stage Curation,SPRING | Axel Springer,"Berlin, Deutschland",https://stackoverflow.com/jobs/360044
Senior Full Stack Engineer,Applied,"London, UK",https://stackoverflow.com/jobs/394902
Développeur C# / .NET H/F – Poste CDI – Lille,SkillValue,"Lille, France",https://stackoverflow.com/jobs/395711
Senior Frontend Developer,VMRay,"Bochum, Deutschland",https://stackoverflow.com/jobs/401729
Front End Gosu,reppa.net GmbH,"München, Deutschland",https://stackoverflow.com/jobs/365543
Full Stack PHP Web Developer,Outreach Inc,"Colorado Springs, CO",https://stackoverflow.com/jobs/364886
Frontend developer React,VIKTOR,"Delft, Netherlands",https://stackoverflow.com/jobs/388222
JavaScript Developer (m/w/x) Portal-Entwicklung,meinestadt.de GmbH,"Köln, Germany",https://stackoverflow.com/jobs/247475
Senior Full Stack Python Engineer,RippleMatch,"New York, NY",https://stackoverflow.com/jobs/348517
Jr Python Developer,AppEvolve,No office location,https://stackoverflow.com/jobs/406879
WEB-DEVELOPER/IN,dataformers GmbH,"Linz, Österreich",https://stackoverflow.com/jobs/320844
Solution Architect,DCSL Software Ltd,"London, UK",https://stackoverflow.com/jobs/397028
Frontend Developer (m/w/d),Tchibo GmbH,"Hamburg, Deutschland",https://stackoverflow.com/jobs/333785
Frontend Developer (Information Processing & Analytics),Centre for Strategic Infocomm Technologies (CSIT),Singapore,https://stackoverflow.com/jobs/391305
PHP developer,Gambling.com Group,"Dublin 2, Ireland",https://stackoverflow.com/jobs/308838
Full Stack Engineer,SpotMe,No office location,https://stackoverflow.com/jobs/114053
Full Stack Nuxt JS Developer,Nacelle,No office location,https://stackoverflow.com/jobs/384138
Senior Ruby on Rails Server Engineer,Hubstaff,No office location,https://stackoverflow.com/jobs/409535
Product owner infrastructure et intégrations,Antidot,"Lambesc, France",https://stackoverflow.com/jobs/393285
Senior Fullstack-Entwickler (w/m/d) am Standort Berlin,Hochfrequenz Unternehmensberatung GmbH,"Berlin, Deutschland",https://stackoverflow.com/jobs/358244
Senior Front-End Engineer,Back Market,"Paris, France",https://stackoverflow.com/jobs/283837
"Team Lead, System Development",Mandatum Life,"Helsinki, Finland",https://stackoverflow.com/jobs/396562
Full Stack -  more than 3-year Experience,Mazars,"Courbevoie, France",https://stackoverflow.com/jobs/282831
Senior Go Backend Developer (m/f/x),refurbed,"Wien, Österreich",https://stackoverflow.com/jobs/287208
Backend Developer,Sofía,"Mexico City, Mexico",https://stackoverflow.com/jobs/255373
Frontend Web Developer (m/f/x),refurbed,"Wien, Österreich",https://stackoverflow.com/jobs/361674
Senior .NET Software Engineer,Emergent Software,"Minneapolis, MN",https://stackoverflow.com/jobs/408829
SENIOR SOFTWARE DEVELOPER – C#.NET,FELFEL,"Zürich, Switzerland",https://stackoverflow.com/jobs/398126
Full Stack Engineer (React Native / Python),Modus Create,No office location,https://stackoverflow.com/jobs/401813
Senior Web Developer,Vilocity Interactive,"Phoenix, AZ",https://stackoverflow.com/jobs/403088
Senior Mobile Developer,chess24,"Hamburg, Germany",https://stackoverflow.com/jobs/408465
Senior Front-end / JS Developer,iubenda,"Milan, Italy",https://stackoverflow.com/jobs/396259
SENIOR FULL STACK ENGINEER (.NET),FELFEL,"Zürich, Switzerland",https://stackoverflow.com/jobs/398119
Senior Backend Engineer (Django),PolicyFly,No office location,https://stackoverflow.com/jobs/405896
Web Application Developer - Fullstack,chess24,"Hamburg, Germany",https://stackoverflow.com/jobs/408462
Software Development Engineer,Amazon Web Services,"Arlington, VA",https://stackoverflow.com/jobs/408791
【フルスタックエンジニア(大規模Webサービス)】株式会社ビットエー<五反田駅徒歩5分×残業少>,株式会社ヴィジョナリー,"Shinagawa City, Japan",https://stackoverflow.com/jobs/407539
DevOps DBA Engineer,Modus Create,No office location,https://stackoverflow.com/jobs/407764
Junior Software Engineer for Micro Frontends,smapiot,"München, Germany",https://stackoverflow.com/jobs/278008
Front - End Engineer,Amazon Web Services,"Arlington, VA",https://stackoverflow.com/jobs/381756
PHP Developer,Simform,"Ahmedabad, India",https://stackoverflow.com/jobs/329591
Senior NodeJS back end software developer,Prometheum Inc.,"New York, NY",https://stackoverflow.com/jobs/218964
(Senior) Fullstack Software Engineer (f/m) 80-100%,TX Group,"Zürich, Switzerland",https://stackoverflow.com/jobs/407902
Software Engineer,Credent Team Pvt. Ltd.,"Bengaluru, India",https://stackoverflow.com/jobs/404083
(Senior) Fullstack Software Engineer (f/m) 80-100%,Tamedia,"Zürich, Switzerland",https://stackoverflow.com/jobs/400109
Full Stack Software Developer - Java (all genders) Full-/Part-time,Accenture DACH,"Zürich, Switzerland",https://stackoverflow.com/jobs/391300
Software Engineer - mid-senior; python & javascript,Envelop Risk,"Bristol, UK",https://stackoverflow.com/jobs/355667
Front-End Web Developer (all genders) Full-/Part-time,Accenture DACH,"Frankfurt, Germany",https://stackoverflow.com/jobs/391299
Senior Developer Software Developer,Feasible Technologies Private Limited,"Hyderabad, India",https://stackoverflow.com/jobs/405174
Full-Stack Ruby on Rails Developer,Supply Clinic,"Chicago, IL",https://stackoverflow.com/jobs/372317
Senior Java Developer who wants to make a difference,O'Reilly Auto Parts,No office location,https://stackoverflow.com/jobs/130997
Software Engineer - mid-senior; python & javascript,Envelop Risk,"Bristol, UK",https://stackoverflow.com/jobs/355667
Full Stack Developer (SNPS) - Build platforms at national scale,Government Technology Agency of Singapore,Singapore,https://stackoverflow.com/jobs/409515
Software Engineer for Next Gen. Distributed Web Apps,smapiot,"München, Germany",https://stackoverflow.com/jobs/272468
Full Stack Developer,ANB Systems,"Chennai, India",https://stackoverflow.com/jobs/406102
Senior Software Engineer (React/Java),Pinnacle 21,"Blue Bell, PA",https://stackoverflow.com/jobs/262299
Senior Full Stack Engineer - Help us teach kids to code!,Kodable,"San Diego, CA",https://stackoverflow.com/jobs/406686
Backend developer to build robust systems with Kotlin,Shape A/S,"København, Denmark",https://stackoverflow.com/jobs/370009
JUNIOR SOFTWARE DEVELOPER,Negits,"Chennai, India",https://stackoverflow.com/jobs/382893
Senior Web Developer - Help us teach kids to code!,Kodable,"San Diego, CA",https://stackoverflow.com/jobs/406687
Software Developers (WFH - For Now),La Net Team Software Solutions Pvt. Ltd.,"Surat, India",https://stackoverflow.com/jobs/393749
Expert Software Engineer - Frontend (f/m/x),Architrave GmbH,"Berlin, Germany",https://stackoverflow.com/jobs/329055
Senior Software Engineer - Frontend (f/m/x),Architrave GmbH,"Berlin, Germany",https://stackoverflow.com/jobs/302596
Full Stack Software Engineer - Mobile Healthcare,Medsphere,No office location,https://stackoverflow.com/jobs/406291
Team Leader (Software) - Bangalore,Wabco,"Bengaluru, India",https://stackoverflow.com/jobs/405999
Full stack developer,Indee Technologies,"Bengaluru, India",https://stackoverflow.com/jobs/380383
MEAN Stack Developer,Inception Labs,"Chennai, India",https://stackoverflow.com/jobs/406066
Full-Stack Developer (Elixir/ Ruby),Mindvalley,No office location,https://stackoverflow.com/jobs/399156
Backend Engineer (m/f/d) - Working Student or Intern,Motius GmbH,"München, Deutschland",https://stackoverflow.com/jobs/367229
Full Stack Developer (Senior Software Development Engineer),SOPHiA GENETICS,"Lausanne, Switzerland",https://stackoverflow.com/jobs/406256
Senior Software Engineer (Command and Control Systems),Centre for Strategic Infocomm Technologies (CSIT),Singapore,https://stackoverflow.com/jobs/391605
システムエンジニア,CCCフロンティアラボ株式会社,"Shibuya City, Japan",https://stackoverflow.com/jobs/388408
Full Stack Developer,Greenerace Technologies Private Limited,"Noida, India",https://stackoverflow.com/jobs/402515
Senior Software Engineer,Patch.com,"New York, NY",https://stackoverflow.com/jobs/394309
Software Engineer,IPD Analytics,"Miami, FL",https://stackoverflow.com/jobs/347671
Looking For UI Developer / 4-7 Years / Chennai,EC Group,"Chennai, India",https://stackoverflow.com/jobs/406078
Full Stack Developer,Greenerace Technologies Private Limited,"Noida, India",https://stackoverflow.com/jobs/402515
JavaScript Engineer for our ecommerce storefront  (f/m/d),ePages GmbH,"Hamburg, Germany",https://stackoverflow.com/jobs/123431
Node JS Developer,Hyse Software Solutions,"Hyderabad, India",https://stackoverflow.com/jobs/395984
Webエンジニア,株式会社エヌ・ティー・エス,"Toshima City, Japan",https://stackoverflow.com/jobs/409726
Full Stack Software Engineer,Idea Evolver,"Philadelphia, PA",https://stackoverflow.com/jobs/401824
Fullstack Software Engineer,Clarity Innovations,"Boston, MA",https://stackoverflow.com/jobs/285780
Java Entwickler*in (m/w/d),GFT Deutschland,"Eschborn, Deutschland",https://stackoverflow.com/jobs/393531
Mid-level Rails Developer,Ascender HCM,"Quezon City, Philippines",https://stackoverflow.com/jobs/390783
Full Stack Developer,Särmä Digital Oy,"Helsinki, Finland",https://stackoverflow.com/jobs/333786
Full Stack Software Developer - IoT (w/m/d) 80-100%,Husqvarna Schweiz AG,"Zürich, Schweiz",https://stackoverflow.com/jobs/401351
Senior Software Engineer (Ruby on Rails),PeerstreetviaStott and May Inc.,"El Segundo, CA",https://stackoverflow.com/jobs/371848
Senior Java Software Engineer,AIR MILES,"Toronto, ON, Canada",https://stackoverflow.com/jobs/394502
MEAN Stack Developer,Knick Global,"Sahibzada Ajit Singh Nagar, India",https://stackoverflow.com/jobs/399577
Senior Software Engineer (Python),Back Market,"Paris, France",https://stackoverflow.com/jobs/347057
Full Stack Software Engineer,Idea Evolver,"Brooklyn, NY",https://stackoverflow.com/jobs/401823
Hackers wanted - Software Engineers (m/f/d) & Machine Learning Experts (m/f/d),freiheit.com technologies gmbh,"Hamburg, Deutschland",https://stackoverflow.com/jobs/165266
Senior Full Stack Software Developer- Remote,Upstack,No office location,https://stackoverflow.com/jobs/286028
Full Stack Developer - Qure.ai,Fractal.ai,"Mumbai, India",https://stackoverflow.com/jobs/405271
PHP Developer,Varshaa Weblabs,"Surat, India",https://stackoverflow.com/jobs/408917
Php Developer,Infintor Solutions,"Kochi, India",https://stackoverflow.com/jobs/323812
Full stack developer,Massive Entertainment - A Ubisoft Studio,"Malmö, Sweden",https://stackoverflow.com/jobs/351634
.Net Full Stack developer (m/w/d),EyeC GmbH,"Hamburg, Deutschland",https://stackoverflow.com/jobs/408138
Senior Software Engineer (Frontend) - Reimagine the property industry,Zoopla,"London, UK",https://stackoverflow.com/jobs/387983
"Front-End Developer, Full-Time Job Bucharest",SkillValue,"Bucharest, Romania",https://stackoverflow.com/jobs/406665
MEAN Stack Developer,Knick Global,"Sahibzada Ajit Singh Nagar, India",https://stackoverflow.com/jobs/399577
Front End Web Developer,Agicent Technologies,"Noida, India",https://stackoverflow.com/jobs/403275
Senior Software Engineer (Frontend) - Reimagine the property industry,Zoopla,"London, UK",https://stackoverflow.com/jobs/387983
Hackers wanted - Software Engineers (m/f/d) & Machine Learning Experts (m/f/d),freiheit.com technologies gmbh,"Hamburg, Deutschland",https://stackoverflow.com/jobs/165266
IT Web and mobile application Developer - Chennai Alwarpet - 5-6 lakhs,Krea University,"Chennai, India",https://stackoverflow.com/jobs/408244
フロントエンドエンジニア,SBヒューマンキャピタル株式会社,"Chuo City, Japan",https://stackoverflow.com/jobs/402352
Senior Back-end Engineer,"Autify, Inc.","Tokyo, Japan",https://stackoverflow.com/jobs/380861
Mid-Senior Backend Developer,MediXall.com,"Fort Lauderdale, FL",https://stackoverflow.com/jobs/406265
Hackers wanted-Looking for a Senior Developer (m/f/d) with Team Lead Experience!,freiheit.com technologies gmbh,"Lissabon, Portugal",https://stackoverflow.com/jobs/197741
Mid- / Senior PHP Web Developer,Energy Gruppe Schweiz,"Zürich, Switzerland",https://stackoverflow.com/jobs/371108
Principal Java Software Engineer,Citizens Bank,"Boston, MA",https://stackoverflow.com/jobs/409590
Full Stack Developer,Creative Mines,"Hancock, MI",https://stackoverflow.com/jobs/401807
Frontend Developer,Weblink Solutions,"Hyderabad, India",https://stackoverflow.com/jobs/326729
Senior PHP Developer,TecManic,"Noida, India",https://stackoverflow.com/jobs/392384
Full Stack Developer - Qure.ai,Fractal.ai,"Mumbai, India",https://stackoverflow.com/jobs/405271
Software Engineer,Centre for Strategic Infocomm Technologies (CSIT),Singapore,https://stackoverflow.com/jobs/345130
"システム開発(Web・オープン系,汎用系)",パーソル パナソニック HRパートナーズ株式会社,"Osaka, Japan",https://stackoverflow.com/jobs/399954
PHP Developer,Varshaa Weblabs,"Surat, India",https://stackoverflow.com/jobs/408917
Php Developer,Infintor Solutions,"Kochi, India",https://stackoverflow.com/jobs/323812
Senior UI Developer,SAN HR ADVISORS,"Pune, India",https://stackoverflow.com/jobs/368203
Full stack developer,Massive Entertainment - A Ubisoft Studio,"Malmö, Sweden",https://stackoverflow.com/jobs/351634
"가상자산(암호화폐) 거래소 고팍스(GOPAX) (신입, 경력) 프론트엔드 엔지니어 모집",Streami Inc.,"Seoul, South Korea",https://stackoverflow.com/jobs/332554
Full Stack Developer,Amity Infosoft Pvt. Ltd.,"Surat, India",https://stackoverflow.com/jobs/400862
フロントエンドエンジニア,ビジネスサーチテクノロジ株式会社,"Shibuya City, Japan",https://stackoverflow.com/jobs/317393
Erfahrener Web-Entwickler (m/w/d),IServ GmbH,"Braunschweig, Deutschland",https://stackoverflow.com/jobs/408160
Front End Developer (React Native),Plus65 Interactive Pte Ltd,"Kuala Selangor, Malaysia",https://stackoverflow.com/jobs/390266
Full Stack Software Engineer,Idea Evolver,"Brooklyn, NY",https://stackoverflow.com/jobs/401823
Hackers wanted-Looking for a Senior Developer (m/f/d) with Team Lead Experience!,freiheit.com technologies gmbh,"Hamburg, Deutschland",https://stackoverflow.com/jobs/91520
交通費全額 大手企業/保険業向けアジャイル開発(リーダー),株式会社エーティーエス,"大阪市, Japan",https://stackoverflow.com/jobs/403691
フロントエンドエンジニア,株式会社ラクス,"Shibuya City, Japan",https://stackoverflow.com/jobs/400556
"Senior Front End Developer (TS, React) for Simulation Platform",Improbable,"London, UK",https://stackoverflow.com/jobs/390671
Frontend Developer (m/w/d),Neofonie,"Berlin, Deutschland",https://stackoverflow.com/jobs/396069
.Net Software Developer,eDerm Systems,"Boca Raton, FL",https://stackoverflow.com/jobs/357993
フロントエンドエンジニア/アシスタントマネージャー,株式会社ラクス,"Shibuya City, Japan",https://stackoverflow.com/jobs/400557
Senior Front-end Developer,VinIDviaTopDev,"Hai Bà Trưng, Vietnam",https://stackoverflow.com/jobs/399056
Sr. Software Engineer,VisuWell,"Chattanooga, TN",https://stackoverflow.com/jobs/274406
Full Stack Developer,Vixplor Analytics,"Kolkata, India",https://stackoverflow.com/jobs/327018
Senior Front End Entwickler (m/w/d),Webnique GmbH,"München, Germany",https://stackoverflow.com/jobs/294774
Senior Node.js Developer (Remote),X-Team,No office location,https://stackoverflow.com/jobs/197763
Senior Front-end Engineer,"Autify, Inc.","Tokyo, Japan",https://stackoverflow.com/jobs/347910
Softwareentwickler (m/w/d) Frontend TypeScript,Hetzner Cloud GmbH,"Unterföhring, Deutschland",https://stackoverflow.com/jobs/359590
Principal Software Engineer,Qualmids,"Hyderabad, India",https://stackoverflow.com/jobs/337103
PHP Laravel Backend Developer 2-4yr for Fantasy Sport Games,MyExpert11 (Sportena Fantasy Pvt Ltd),"Noida, India",https://stackoverflow.com/jobs/399041
Full-Stack Developer,CoStar Group,"Richmond, VA",https://stackoverflow.com/jobs/359614
Full Stack Developer,Adrobit Technologies,"Kolkata, India",https://stackoverflow.com/jobs/327042
フロントエンドエンジニア,株式会社スマートショッピング,"Shinagawa City, Japan",https://stackoverflow.com/jobs/370396
PHP Developer (JavaScript/HTML/and CSS),HaysviaHays plc,"Raleigh, NC",https://stackoverflow.com/jobs/373020
FULL STACK PHP DEVELOPER,SQL Computech,"Ahmedabad, India",https://stackoverflow.com/jobs/337033
JavaScript Developer,Euroland India,"Chennai, India",https://stackoverflow.com/jobs/406090
Remote Shopify Developer,Bluebolt,"Chicago, IL",https://stackoverflow.com/jobs/111292
Software Engineer Manager,Sharp Notions LLC,"Fairport, NY",https://stackoverflow.com/jobs/371581
Principal Java Software Engineer,Citizens Bank,"Boston, MA",https://stackoverflow.com/jobs/409590
Senior Software Engineer (f/m/d) Angular,Verivox GmbH,"Heidelberg, Deutschland",https://stackoverflow.com/jobs/165583
バックエンドエンジニア/インターネット/Webサービス・ASP,OLTA 株式会社,"Minato City, Japan",https://stackoverflow.com/jobs/401939
フルリモートワークのフルスタックエンジニア,Eastern Europe Advisors 合同会社,"Minato City, Japan",https://stackoverflow.com/jobs/409069
"Lead Polyglot Software Engineers – TDD, XP, JavaScript",Pragmateam,"Sydney, Australia",https://stackoverflow.com/jobs/399570
Full Stack Developer,AlphaGrep Securities,"Mumbai, India",https://stackoverflow.com/jobs/405253
PHP Developer (Night shift),reknown organization,"Ahmedabad, India",https://stackoverflow.com/jobs/400899
"Senior Backend Developer (Node, Event-Driven)",Nacelle,No office location,https://stackoverflow.com/jobs/395509
Senior Software Engineer,Indeed,"Austin, TX",https://stackoverflow.com/jobs/401791
Junior Web Developer (Angular),ELCA Informatique SA,"Zürich, Switzerland",https://stackoverflow.com/jobs/395713
モバイルオーダーで新しいユーザー体験を創造|フロントエンドエンジニア,株式会社Showcase Gig,"Minato City, Japan",https://stackoverflow.com/jobs/358172
エンジニア(ジェネラル),日本タタ・コンサルタンシー・サービシズ株式会社,"Minato City, Japan",https://stackoverflow.com/jobs/318661
ソフトウェアエンジニア/システムインテグレータ・ソフトハウス,株式会社 ゼロフィールド,"Minato City, Japan",https://stackoverflow.com/jobs/380227
Full Stack Developer,Amity Infosoft Pvt. Ltd.,"Surat, India",https://stackoverflow.com/jobs/400862
Senior Fullstack Developer - Java / Kotlin / Javascript,teckro,"Dublin 2, Ireland",https://stackoverflow.com/jobs/401733
Full Stack Developer,BLAZON,"Coimbatore, India",https://stackoverflow.com/jobs/405013
Full-stack Software Engineer Associate,One Acre Fund,"Kigali, Rwanda",https://stackoverflow.com/jobs/387886
PHP Laravel Backend Developer 2-4yr exp for fantasy sports gaming,MyExpert11 (Sportena Fantasy Pvt Ltd),"Bengaluru, India",https://stackoverflow.com/jobs/393989
"가상자산(암호화폐) 거래소 고팍스(GOPAX) (신입, 경력) 프론트엔드 엔지니어 모집",Streami Inc.,"Seoul, South Korea",https://stackoverflow.com/jobs/332554
CTO候補《フルコミット(副業不可)》,株式会社MFS,"Chiyoda City, Japan",https://stackoverflow.com/jobs/409321
Frontend Developer,Global Scale Solutions GmbH,"München, Germany",https://stackoverflow.com/jobs/287543
PHP Developer,innofied,"Kolkata, India",https://stackoverflow.com/jobs/326941
Softwareentwickler (m/w/d),AM GmbH,"Hamburg, Deutschland",https://stackoverflow.com/jobs/380999
Erfahrener Web-Entwickler (m/w/d),IServ GmbH,"Braunschweig, Deutschland",https://stackoverflow.com/jobs/408160
フロントエンドエンジニア,株式会社ラクス,"Shibuya City, Japan",https://stackoverflow.com/jobs/400556
Engineering Manager - Cloud Infrastructure,Back Market,"Paris, France",https://stackoverflow.com/jobs/198320
MEAN Stack Developer(Php background preffred),Weboconnect technologies pvt ltd,"New Delhi, India",https://stackoverflow.com/jobs/407656
Agiler Java Fullstack Entwickler (m/w/d) – Weinheim nähe Frankfurt,objective partner AG,"Weinheim, Deutschland",https://stackoverflow.com/jobs/383556
Frontend Developer (m/w/d),Neofonie,"Berlin, Deutschland",https://stackoverflow.com/jobs/396069
Senior Software Engineer,LINQ,No office location,https://stackoverflow.com/jobs/401765
Senior Front End Entwickler (m/w/d),Webnique GmbH,"München, Germany",https://stackoverflow.com/jobs/294774
Laravel Developer,trileotech,"Ahmedabad, India",https://stackoverflow.com/jobs/397922
PHP – Laravel Developer – Backend,CareerXperts,"Bengaluru, India",https://stackoverflow.com/jobs/374674
Frontend Developer - React JS/ NodeJS,Aptus Health,"Navi Mumbai, India",https://stackoverflow.com/jobs/359801
Senior Front-end Developer,VinIDviaTopDev,"Hai Bà Trưng, Vietnam",https://stackoverflow.com/jobs/399056
Software Engineer II,Citizens Bank,"Providence, RI",https://stackoverflow.com/jobs/405889
Front-end Software Engineer - Deliver citizen-centric web apps,Government Technology Agency of Singapore,Singapore,https://stackoverflow.com/jobs/408128
PHP Developer,Debut Infotech,"Sahibzada Ajit Singh Nagar, India",https://stackoverflow.com/jobs/399144
Frontend Engineer (m/f/d),GEDANKENtanken GmbH,"Köln, Deutschland",https://stackoverflow.com/jobs/348313
Senior DevOps Engineer,Nacelle,No office location,https://stackoverflow.com/jobs/406559
Node.js Freelancer,West agile labs,"Hyderabad, India",https://stackoverflow.com/jobs/372056
マークアップエンジニア (WEBコーダー),株式会社アイデアランプ,"Shibuya City, Japan",https://stackoverflow.com/jobs/318657
Full Stack Developer,Rejolut Technology Solutions Pvt Ltd.,"Navi Mumbai, India",https://stackoverflow.com/jobs/405276
Full Stack Developer,Grow-Trees.com,"Mumbai, India",https://stackoverflow.com/jobs/386434
Webアプリケーション開発フロントエンドエンジニア,株式会社Widsley,"Shibuya City, Japan",https://stackoverflow.com/jobs/390229
Senior backend PHP developer,Debunk.eu,"Vilnius, Lithuania",https://stackoverflow.com/jobs/373019
PHP Software Engineer - Book & Stay,trivago N.V.,"Düsseldorf, Germany",https://stackoverflow.com/jobs/399719
フロントエンドエンジニア,ARアドバンストテクノロジ株式会社,"Shibuya City, Japan",https://stackoverflow.com/jobs/409727
.NET Developer,Bluebolt,"Chicago, IL",https://stackoverflow.com/jobs/181283
Backend- oder Full-Stack-Entwickler PHP  (w/m/d) in Dortmund,kolossal GmbH,"Dortmund, Deutschland",https://stackoverflow.com/jobs/372164
Full Stack Developer,Inception Labs,"Chennai, India",https://stackoverflow.com/jobs/400885
派遣/朝はゆっくり10時出社 WEBシステム開発@秋葉原 PHP,株式会社スタッフサービス　エンジニアガイド,"Chiyoda City, Japan",https://stackoverflow.com/jobs/402163
PHP Developer,DG Design Studio,"Chennai, India",https://stackoverflow.com/jobs/402941
動画配信システムの開発(React/Node.js),株式会社キャリアデザインITパートナーズ,"Shibuya City, Japan",https://stackoverflow.com/jobs/400552
PHP Developer,GRCO Tech,"Pune, India",https://stackoverflow.com/jobs/399591
(Senior) Frontend Entwickler (m/w/d),COSNOVA GMBHviaHays plc,"Frankfurt am Main, Deutschland",https://stackoverflow.com/jobs/374102
SE,株式会社ビジュアルリサーチ,"Yokohama, Japan",https://stackoverflow.com/jobs/409101
《大阪自社勤務》開発エンジニア　/動画共有サービスの開発,インフォームシステム株式会社,"Osaka, Japan",https://stackoverflow.com/jobs/319436
Frontend Web-Developer (m/w/d),rooom AG,"Jena, Deutschland",https://stackoverflow.com/jobs/392579
Software Developer,Azeus Group of Companies,"Noida, India",https://stackoverflow.com/jobs/369802
Web Developer,iCanstudioz App Solutions,"Surat, India",https://stackoverflow.com/jobs/408938
"Full Stack Developer: Node.js, Python or Go | autonomy, flexibility | new team",Oscatelviatechfolk,No office location,https://stackoverflow.com/jobs/400637
JavaScript Developer,Euroland India,"Chennai, India",https://stackoverflow.com/jobs/406090
Fullstack Developer,Corp Talents,"Mumbai, India",https://stackoverflow.com/jobs/405215
エンジニア,マインドフリー株式会社,"Osaka, Japan",https://stackoverflow.com/jobs/334770
Project Developer JavaScript & PHP,FactSet,"Frankfurt, Germany",https://stackoverflow.com/jobs/406639
"Frontend Developer (gn) JavaScript, HTML5, CSS3",4Com GmbH & Co. KG,"Hannover, Deutschland",https://stackoverflow.com/jobs/395728
フロントエンドエンジニア,株式会社RevComm,"Shibuya City, Japan",https://stackoverflow.com/jobs/369919
Software Developer Javascript,Virtuoso,"Hyderabad, India",https://stackoverflow.com/jobs/374980
PHP Laravel Developer,Techvoot Solutions,"Ahmedabad, India",https://stackoverflow.com/jobs/400898
Senior Software Developer,DCSL Software Ltd,"London, UK",https://stackoverflow.com/jobs/399681
java full stack Developer,Taggd,"Hyderabad, India",https://stackoverflow.com/jobs/388057
Urgent requirement for Sr. PHP Developer,Rayadcom Pvt Ltd,"Mumbai, India",https://stackoverflow.com/jobs/409231
(Senior) Software Developer (m/w/d),Just Spices GmbH,"Düsseldorf, Deutschland",https://stackoverflow.com/jobs/381312
LARAVEL DEVELOPER,Negits,"Chennai, India",https://stackoverflow.com/jobs/372225
Senior Software Engineer,Citizens Bank,"Providence, RI",https://stackoverflow.com/jobs/405877
PHP Developer (Laravel),Rediflex Consultiing Private Ltd,"Noida, India",https://stackoverflow.com/jobs/401303
PHP Developer,GRCO Tech,"Pune, India",https://stackoverflow.com/jobs/399591
ソフトウェアエンジニア (Frontend)/インターネット/Webサービス・ASP,株式会社 SIGNATE,"Chiyoda City, Japan",https://stackoverflow.com/jobs/404756
Software Engineer PHP (m/f/x),Lyke GmbH,"Hannover, Deutschland",https://stackoverflow.com/jobs/290531
(Senior) Frontend Entwickler (m/w/d),COSNOVA GMBHviaHays plc,"Frankfurt am Main, Deutschland",https://stackoverflow.com/jobs/374102
Frontend Developer (m/w/d) in Halle (Saale),Relaxdays GmbH,"Halle (Saale), Deutschland",https://stackoverflow.com/jobs/201379
"PHP / Full stack developer Hyderabad, India",DocOnline Health India Private Limited,"Hyderabad, India",https://stackoverflow.com/jobs/323515
Webエンジニア/インターネット/Webサービス・ASP,Nishika 株式会社,"Chiyoda City, Japan",https://stackoverflow.com/jobs/401943
Senior Software Engineer (F/H/X),Doctolib,"Levallois-Perret, France",https://stackoverflow.com/jobs/407486
フロントエンドエンジニア,SBヒューマンキャピタル株式会社,"Chuo City, Japan",https://stackoverflow.com/jobs/402132
エンジニア,マインドフリー株式会社,"Osaka, Japan",https://stackoverflow.com/jobs/334770
"Staff Requirement for Web Developer, Designer, Content Writer & SEO",RRahi Associates,"Surat, India",https://stackoverflow.com/jobs/398994
Full Stack Developer,PrizeLogic,"Scottsdale, AZ",https://stackoverflow.com/jobs/397846
Web Development Frontend Engineer,WOVN.io,"Minato City, Japan",https://stackoverflow.com/jobs/360922
Front End Web Developer,Izzardtech Solutions Pvt. Ltd.,"Surat, India",https://stackoverflow.com/jobs/401276
Front-end Developer,Triple,"Alkmaar, Netherlands",https://stackoverflow.com/jobs/407700
Full Stack Engineer,Nirveda Cognition,"Glendale, CA",https://stackoverflow.com/jobs/362202
Senior Front-end Developer,Discovery Inc.,"Sterling, VA",https://stackoverflow.com/jobs/400835
フロントエンドエンジニア,シアトルコンサルティング株式会社,"Minato City, Japan",https://stackoverflow.com/jobs/317398
Urgent Openings for Java Developer,IMNZU Technologies,"Hyderabad, India",https://stackoverflow.com/jobs/373754
PHP Developer (w/*/m),queo GmbH,"Dresden, Deutschland",https://stackoverflow.com/jobs/399160
Php Developers,Trinitymascot Consultancy Services,"Kochi, India",https://stackoverflow.com/jobs/339376
Senior PHP Developer,Sourcetoad,"Tampa, FL",https://stackoverflow.com/jobs/370174
"Software Engineer, Frontend",株式会社メルカリ,"Minato City, Japan",https://stackoverflow.com/jobs/389571
PHP Developer,Moveo,"Ahmedabad, India",https://stackoverflow.com/jobs/329585
《大阪自社勤務》開発エンジニア　/動画共有サービスの開発,インフォームシステム株式会社,"Osaka, Japan",https://stackoverflow.com/jobs/319436
Laravel Developer,SAS CORP,,https://stackoverflow.com/jobs/394057
SE(ビジネスアプリケーション系),パーソル パナソニック HRパートナーズ株式会社 テクニカル事業本部,"Osaka, Japan",https://stackoverflow.com/jobs/400582
Frontend Web-Developer (m/w/d),rooom AG,"Jena, Deutschland",https://stackoverflow.com/jobs/392579
PHP Developer/Web Developer/Programmer,Bakuun.com Support and Services Pvt Ltd.,"Pune, India",https://stackoverflow.com/jobs/407059
.NET Developer,Bluebolt,"Chicago, IL",https://stackoverflow.com/jobs/181283
Project Developer JavaScript & PHP,FactSet,"Frankfurt, Germany",https://stackoverflow.com/jobs/406639
Front End Engineer,PT Gigaming Intermedia Solusindo,"Kecamatan Sumur Bandung, Indonesia",https://stackoverflow.com/jobs/386744
Senior Full Stack Developer,Dyson,"Bristol, UK",https://stackoverflow.com/jobs/363120
(Junior) Full-Stack Developer (f/m/d) for Strategic Projects,SAP,"Walldorf, Germany",https://stackoverflow.com/jobs/408815
React Native Developer,Icicle Technologies,"Mumbai, India",https://stackoverflow.com/jobs/406038
ソフトウェアエンジニア (Frontend)/インターネット/Webサービス・ASP,株式会社 SIGNATE,"Chiyoda City, Japan",https://stackoverflow.com/jobs/404756
Senior Software Engineer,Citizens Bank,"Providence, RI",https://stackoverflow.com/jobs/405871
Solutions Architect,One Connect,Singapore,https://stackoverflow.com/jobs/401268
(Junior) Full-Stack Developer (f/m/d) for Strategic Projects,SAP,"Walldorf, Germany",https://stackoverflow.com/jobs/408816
フロントエンドエンジニア,ibis group,"Osaka, Japan",https://stackoverflow.com/jobs/345782
"PHP / Full stack developer Bangalore, India",DocOnline Health India Private Limited,"Bengaluru, India",https://stackoverflow.com/jobs/324766
《Webエンジニア》日本橋/採用権大/家庭用ロボット,GROOVE X株式会社,"中央区, Japan",https://stackoverflow.com/jobs/409405
PHP Developer,Ecotech IT Solutions Pvt. Ltd.,"Pune, India",https://stackoverflow.com/jobs/399114
Staff Web Developer,SimpliSafe,"Boston, MA",https://stackoverflow.com/jobs/350954
電子チケット販売システムの開発(JavaScript),株式会社アイソル,"Chuo City, Japan",https://stackoverflow.com/jobs/384979
PHP-/Javascript-Entwickler mit einem Faible für Datenprozesse (w/m/d),Publicare Marketing Communications GmbH,"Frankfurt am Main, Deutschland",https://stackoverflow.com/jobs/287513
Developer / Programmer,Web Service Delhi,"New Delhi, India",https://stackoverflow.com/jobs/384287
Php developer,Snr Square Private Limited,"Bengaluru, India",https://stackoverflow.com/jobs/397411
Lead Engineer - UI,Gainsight,"Hyderabad, India",https://stackoverflow.com/jobs/400240
Full Stack Developer (Evening),Maropost,"Sahibzada Ajit Singh Nagar, India",https://stackoverflow.com/jobs/386569
フロントエンドエンジニア,株式会社マイクロアド,"Shibuya City, Japan",https://stackoverflow.com/jobs/403962
Lead Full Stack Engineer (GRV/ Akamai/ OpenID): Remote (Global),Modus Create,No office location,https://stackoverflow.com/jobs/405899
Junior Web Developer / Web Developer - PHP,Openweb Solutions,"Kolkata, India",https://stackoverflow.com/jobs/326904
Anwendungsentwickler/Projektentwickler (m/w/d) Java,OPTIMAL SYSTEMS GmbH,"Berlin, Deutschland",https://stackoverflow.com/jobs/351763
Java Developer,Gleecus TechLabs Pvt. Ltd,"Hyderabad, India",https://stackoverflow.com/jobs/403292
フロントエンドエンジニア,株式会社イマジカデジタルスケープ,"Chuo City, Japan",https://stackoverflow.com/jobs/402283
システム開発,マンパワーグループ株式会社,"Fukuoka, Japan",https://stackoverflow.com/jobs/408694
Senior UI/UX Engineer,FactSet,"Frankfurt, Germany",https://stackoverflow.com/jobs/391972
Web Developer,Raja Software Labs,"Pune, India",https://stackoverflow.com/jobs/337743
Full Stack Web Developer (w/m/d) Fokus Frontend | Team Assets,Otto (GmbH & Co KG),"Hamburg, Germany",https://stackoverflow.com/jobs/367707
Webエンジニア,GROOVEX株式会社,"中央区, Japan",https://stackoverflow.com/jobs/386695
エンジニア,ナイル株式会社,"Shinagawa City, Japan",https://stackoverflow.com/jobs/327617
マーケティングサービス開発,株式会社エーティーエス,"Shibuya City, Japan",https://stackoverflow.com/jobs/349697
フロントエンドエンジニア,アクロクエストテクノロジー株式会社,"Yokohama, Japan",https://stackoverflow.com/jobs/337894
インフラエンジニア(SREリーダー),type転職エージェント,"Chiyoda City, Japan",https://stackoverflow.com/jobs/403965
Senior Web Developer,Izzardtech Solutions Pvt. Ltd.,"Surat, India",https://stackoverflow.com/jobs/401277
プログラマ,株式会社ヴァンガードテクノロジー,"Shibuya City, Japan",https://stackoverflow.com/jobs/402070
システムエンジニア,株式会社テクトレージ,"Kofu, Japan",https://stackoverflow.com/jobs/405670
React / React Native Developer,azularc,"Mumbai, India",https://stackoverflow.com/jobs/406041
Senior Full Stack PHP Developer,BEO software,"Kochi, India",https://stackoverflow.com/jobs/323926
Senior Full Stack Developer,Northern Ground,"Milwaukee, WI",https://stackoverflow.com/jobs/291605
4 Full Stack Software Engineers (m/f),AIRBUS,"Toulouse, France",https://stackoverflow.com/jobs/303143
Web Developer,Raja Software Labs,"Pune, India",https://stackoverflow.com/jobs/337743
Senior Full Stack Developer,Northern Ground,"Milwaukee, WI",https://stackoverflow.com/jobs/291605
Developer / Programmer,Web Service Delhi,"New Delhi, India",https://stackoverflow.com/jobs/384287
Sr. PHP Developer / Team Lead,innofied,"Kolkata, India",https://stackoverflow.com/jobs/327016
サーバーエンジニア,ウエストユニティス株式会社,"Osaka, Japan",https://stackoverflow.com/jobs/404322
Senior Web Developer,Izzardtech Solutions Pvt. Ltd.,"Surat, India",https://stackoverflow.com/jobs/401277
フロントエンジニア【沖縄オフィス立ち上げ決定!立ち上げメンバー募集】,CBcloud株式会社,"Naha, Japan",https://stackoverflow.com/jobs/375520
React / React Native Developer,azularc,"Mumbai, India",https://stackoverflow.com/jobs/406041
Senior Full Stack PHP Developer,BEO software,"Kochi, India",https://stackoverflow.com/jobs/323926
リードエンジニア《副業可能/フレックス制度あり》,株式会社MFS,"Chiyoda City, Japan",https://stackoverflow.com/jobs/409066
Workingstudent IT-Administrator (m/f/d),Limehome GmbH,"München, Germany",https://stackoverflow.com/jobs/408795
2名 即日/交通費/会計パッケージシステム開発(Java),株式会社エーティーエス,"Minato City, Japan",https://stackoverflow.com/jobs/404811
プログラマ Web オープン系,株式会社言語サービス,"Yokohama, Japan",https://stackoverflow.com/jobs/404700
Webフロントエンジニア,クラスメソッド株式会社,"Chiyoda City, Japan",https://stackoverflow.com/jobs/384661
スマートフォンアプリエンジニア,type転職エージェント,"Chiyoda City, Japan",https://stackoverflow.com/jobs/403955
Webデザイナー,株式会社ロボット,"Shibuya City, Japan",https://stackoverflow.com/jobs/403702
Web Developer,Mindnotix,"Coimbatore, India",https://stackoverflow.com/jobs/324317
エンジニア,株式会社クリプラ,"Shinjuku City, Japan",https://stackoverflow.com/jobs/409411
東京/アプリ/C2-AM/FEE/インターネット/Webサービス・ASP,株式会社 ラクス,"Shibuya City, Japan",https://stackoverflow.com/jobs/407599
Lead Full Stack Developer,Creative Mines,"Hancock, MI",https://stackoverflow.com/jobs/401809
Laravel Developer,Brainium Information Technologies,"Kolkata, India",https://stackoverflow.com/jobs/326909
Urgent Opening for PHP Laravel Web Development,Connect 4 Resources,"New Delhi, India",https://stackoverflow.com/jobs/387517
Sr PHP Developer,IMSI India Private Limited,"Mumbai, India",https://stackoverflow.com/jobs/409238
Full Stack Developer,Codelogicx Technologies Pvt Ltd,"Kolkata, India",https://stackoverflow.com/jobs/401294
Senior Software Developer,Titansoft Pte Ltd,Singapore,https://stackoverflow.com/jobs/285281
Agile Produktentwicklung in Köln – Lerne Studitemps kennen,Studitemps,"Köln, Germany",https://stackoverflow.com/jobs/393251
2名 即日/交通費/会計パッケージシステム開発(Java),株式会社エーティーエス,"Minato City, Japan",https://stackoverflow.com/jobs/404811
プログラマ Web オープン系,株式会社言語サービス,"Yokohama, Japan",https://stackoverflow.com/jobs/404700
Dotnet Developer,Indium Software,"Bengaluru, India",https://stackoverflow.com/jobs/328444
《関西》モバイルエクスペリエンスエンジニア《WEB面接可》,アクセンチュア株式会社,"Osaka, Japan",https://stackoverflow.com/jobs/399078
Webフロントエンジニア,クラスメソッド株式会社,"Chiyoda City, Japan",https://stackoverflow.com/jobs/384661
Webデザイナー,株式会社ロボット,"Shibuya City, Japan",https://stackoverflow.com/jobs/403702
Frontend Developer,Digital Media Solutions,"Miami, FL",https://stackoverflow.com/jobs/365634
Junior Web Developer / Web Developer - PHP,Openweb Solutions,"Kolkata, India",https://stackoverflow.com/jobs/326904
エンジニア,株式会社クリプラ,"Shinjuku City, Japan",https://stackoverflow.com/jobs/409411
Senior Web Developer,HC Recruitment,"Pune, India",https://stackoverflow.com/jobs/407066
Lead Full Stack Developer,Creative Mines,"Hancock, MI",https://stackoverflow.com/jobs/401809
Senior Frontend Developer (Remote),Hypothesis.is,No office location,https://stackoverflow.com/jobs/375433
サーバサイドエンジニア,クーコム株式会社,"Shibuya City, Japan",https://stackoverflow.com/jobs/403959
Sr PHP Developer,IMSI India Private Limited,"Mumbai, India",https://stackoverflow.com/jobs/409238
Fullstack Developer,best it GmbH & Co. KG,"Velen, Deutschland",https://stackoverflow.com/jobs/371547
ECサイトフロントエンド開発(JavaScript),株式会社アイソル,"Shinjuku City, Japan",https://stackoverflow.com/jobs/352953
Fullstack Developer,best it GmbH & Co. KG,"Siegburg, Deutschland",https://stackoverflow.com/jobs/373200
+交通費 開発(JAVA) 日本橋,株式会社サークルネット,"Chuo City, Japan",https://stackoverflow.com/jobs/409050
Full Stack Developer,IFMR,"Chennai, India",https://stackoverflow.com/jobs/408902
システムエンジニア,株式会社テクトレージ,"Osaka, Japan",https://stackoverflow.com/jobs/395629
"サーバーサイドエンジニア[東京](Software Engineer, Backend)",株式会社Holmes,"Chiyoda City, Japan",https://stackoverflow.com/jobs/319847
CRE(クラウドサイン),弁護士ドットコム株式会社,"Minato City, Japan",https://stackoverflow.com/jobs/406498
フロントエンドエンジニア/上場IT企業,株式会社クリエアナブキ,"Osaka, Japan",https://stackoverflow.com/jobs/369856
Senior Software Developer,Titansoft Pte Ltd,Singapore,https://stackoverflow.com/jobs/285281
Senior Frontend Engineer (f/m/d),keylight GmbH,"Berlin, Germany",https://stackoverflow.com/jobs/127921
Agile Produktentwicklung in Köln – Lerne Studitemps kennen,Studitemps,"Köln, Germany",https://stackoverflow.com/jobs/393251
Frontend Developer,Digital Media Solutions,"San Diego, CA",https://stackoverflow.com/jobs/365635
開発リーダー,株式会社キュービック,"Shinjuku City, Japan",https://stackoverflow.com/jobs/363321
フロントエンドエンジニア|月給24~46万円|想定年収310~600万円|本町|62818|担当:小野,"転職支援インター・スクエアー,Inc.","Osaka, Japan",https://stackoverflow.com/jobs/408074
"サーバーサイドエンジニア[東京](Software Engineer, Backend)",株式会社Holmes,"Chiyoda City, Japan",https://stackoverflow.com/jobs/319847
Senior Web Developer,HC Recruitment,"Pune, India",https://stackoverflow.com/jobs/407066
Full stack developer,Relianttech,"Chennai, India",https://stackoverflow.com/jobs/398981
Lead Frontend Engineer,Web Summit,"Dublin, Ireland",https://stackoverflow.com/jobs/289346
サーバーサイドエンジニア,TOWN株式会社,"Chuo City, Japan",https://stackoverflow.com/jobs/403989
ITエンジニア,株式会社with,"Chuo City, Japan",https://stackoverflow.com/jobs/403639
Senior Java Web Developer,Cloudflight GmbH,"Wien, Austria",https://stackoverflow.com/jobs/379661
エンジニア(フロントエンド),株式会社レシカ,"Chiyoda City, Japan",https://stackoverflow.com/jobs/398288
UI/UXデザイナー,株式会社Widsley,"Shibuya City, Japan",https://stackoverflow.com/jobs/388734
フロントエンドエンジニア(管理職候補),type転職エージェント,"Shibuya City, Japan",https://stackoverflow.com/jobs/387493
Modern .Net Core Senior Engineer,dunnhumby Ltd.,"London, UK",https://stackoverflow.com/jobs/206288
Frontend Engineer,Nuxeo,"Lisbon, Portugal",https://stackoverflow.com/jobs/313924
CRE(クラウドサイン),弁護士ドットコム株式会社,"Minato City, Japan",https://stackoverflow.com/jobs/406498
テックリード,株式会社アペルザ,"Yokohama, Japan",https://stackoverflow.com/jobs/348737
Fullstack Developer,best it GmbH & Co. KG,"Siegburg, Deutschland",https://stackoverflow.com/jobs/373199
Lawinensprengen am Smartphone (DevOps Engineer),Wyssen Seilbahnen AG,"Reichenbach im Kandertal, Schweiz",https://stackoverflow.com/jobs/344197
開発エンジニア,SORABITO株式会社,"Chuo City, Japan",https://stackoverflow.com/jobs/400585
Front End Web Developer,Xactware,"Lehi, UT",https://stackoverflow.com/jobs/293752
Fullstack Developer,Corp Talents,"Chennai, India",https://stackoverflow.com/jobs/407978
医療(電子カルテ)フロントエンジニア(スクラムマスター候補),株式会社Donuts,"Shibuya City, Japan",https://stackoverflow.com/jobs/313277
Front End Web Developer,Xactware,"Lehi, UT",https://stackoverflow.com/jobs/293752
Full Stack Developer/ Engineer,MNR Solutions Private Limited,"Hyderabad, India",https://stackoverflow.com/jobs/395225
Analyste en sécurité de linformation (H/F) - à temps partiel,Hitachi Systems Security Europe SA,"Sierre, Switzerland",https://stackoverflow.com/jobs/407821
Développeur Web,Agfa HealthCare,"Poitiers, France",https://stackoverflow.com/jobs/365066
Webアプリケーションエンジニア(検索広告事業),Supershipグループ,"Minato City, Japan",https://stackoverflow.com/jobs/382648
"Fresher – Software Developer (PHP/MySQL, eCommerce, WordPress)",Triple One Group,"Noida, India",https://stackoverflow.com/jobs/401283
Senior Full Stack Software Developer,EnginZyme,"Stockholm, Sweden",https://stackoverflow.com/jobs/401784
【BASE】フロントエンドエンジニア/その他金融・保険系,BASE 株式会社,"Minato City, Japan",https://stackoverflow.com/jobs/402845
Full Stack PHP Developer,DkR,"Lomazzo, Italy",https://stackoverflow.com/jobs/396797
ウェブアプリケーションエンジニア,株式会社アペルザ,"Yokohama, Japan",https://stackoverflow.com/jobs/358148
Senior AEM (Adobe Experience Manager) Engineer (m/w/d),N47 AG,"Zürich, Schweiz",https://stackoverflow.com/jobs/342034
Pythonエンジニア/システムインテグレータ・ソフトハウス,株式会社 ゼロフィールド,"Minato City, Japan",https://stackoverflow.com/jobs/402856
UI Developer,Profectus,"Bengaluru, India",https://stackoverflow.com/jobs/325369
開発エンジニア,株式会社インター・ビュー,"Minato City, Japan",https://stackoverflow.com/jobs/409121
Software Engineer (Cybersecurity Operations Systems),Centre for Strategic Infocomm Technologies (CSIT),Singapore,https://stackoverflow.com/jobs/391609
コールセンターシステム開発(Java・Javascript),株式会社アイソル,"Toshima City, Japan",https://stackoverflow.com/jobs/384980
【インターンシップ】ゲーム エンタメ/芸能,株式会社ギャポリー,"Minato City, Japan",https://stackoverflow.com/jobs/375800
PHP Developer,Webstep Technologies Private Limited,"Kolkata, India",https://stackoverflow.com/jobs/408621
《日本橋》ECサイトのバックエンドエンジニア,GROOVE X株式会社,"中央区, Japan",https://stackoverflow.com/jobs/409409
【フルリモート/Go】自社プロダクト「ATOM」Webエンジニア,SO Technologies 株式会社,"Chiyoda City, Japan",https://stackoverflow.com/jobs/394980
フロントエンドエンジニア,TOWN株式会社,"Chuo City, Japan",https://stackoverflow.com/jobs/389671
Laravel Developer,Brainium Information Technologies,"Kolkata, India",https://stackoverflow.com/jobs/326909
エンジニア/中途 フロント基盤の全面刷新を行うJavaScriptエンジニア,オイシックス・ラ・大地株式会社,"Shinagawa City, Japan",https://stackoverflow.com/jobs/349175
"時給3,300円 C#/即日/ウェアラブル医療機器の開発",株式会社エーティーエス,"Tachikawa, Japan",https://stackoverflow.com/jobs/391914
システム開発エンジニア,Cloud9株式会社,"Chiyoda City, Japan",https://stackoverflow.com/jobs/402838
Front-end Developer (Core Product),HostingerviaWork in Lithuania,"Kaunas, Lithuania",https://stackoverflow.com/jobs/381653
[急募] ≪正社員 年収600万円↑≫ウェアラブル系サーバーエンジニア,株式会社マイナビワークス(マイナビスタッフ),"Osaka, Japan",https://stackoverflow.com/jobs/396175
LAMP開発(基幹業務システム),株式会社キャリアデザインITパートナーズ,"Shibuya City, Japan",https://stackoverflow.com/jobs/401065
業務推進　WEBデザイナー,株式会社 FAN・DREAM,"Meguro City, Japan",https://stackoverflow.com/jobs/396969
Webエンジニア(社内向けサービス),type転職エージェント,"Shibuya City, Japan",https://stackoverflow.com/jobs/386194
Webデザイナー,株式会社カラフルカンパニー,"Kanazawa, Japan",https://stackoverflow.com/jobs/317842
PHP Developer,Connect 4 Resources,"New Delhi, India",https://stackoverflow.com/jobs/393822
UI Front End Developer,Netedge Technology,"Ahmedabad, India",https://stackoverflow.com/jobs/401709
PHP Developer,Learnship GlobalEnglish,"Chennai, India",https://stackoverflow.com/jobs/407972
バスケットボール向けシステム担当のエンジニア,データスタジアム株式会社,"Minato City, Japan",https://stackoverflow.com/jobs/317534
システムエンジニア,株式会社テクトレージ,"Osaka, Japan",https://stackoverflow.com/jobs/395629
Fullstack Developer,best it GmbH & Co. KG,"Siegburg, Deutschland",https://stackoverflow.com/jobs/373200
モバイルアプリエンジニア,株式会社RevComm,"Shibuya City, Japan",https://stackoverflow.com/jobs/369884
開発エンジニア,株式会社Jストリーム,"Fukuoka, Japan",https://stackoverflow.com/jobs/312072
フロントエンドエンジニア/上場IT企業,株式会社クリエアナブキ,"Osaka, Japan",https://stackoverflow.com/jobs/369856
フロントエンドエンジニア(沖縄立ち上げメンバー募集)/インターネット/Webサービス・ASP,CBcloud 株式会社,"Naha, Japan",https://stackoverflow.com/jobs/402790
Engineering Manager - eCommerce Platform,"Yum! Brands, Inc.","Chicago, IL",https://stackoverflow.com/jobs/391993
Senior Fullstack Developer (f/m/d),Greentube Internet Entertainment Solutions GmbH,"Wien, Austria",https://stackoverflow.com/jobs/383799
Senior Laravel Developer,FLYING STARS INFORMATICS,"Hyderabad, India",https://stackoverflow.com/jobs/323513
業務アプリエンジニア(C#/JavaScript/SQL),SBヒューマンキャピタル株式会社,"Minato City, Japan",https://stackoverflow.com/jobs/401348
Mobile App Developer (Flutter),MYRIAD SOLUTIONZ,"Ahmedabad, India",https://stackoverflow.com/jobs/403241
Senior Web Engineer,Bushel,"St. Petersburg, FL",https://stackoverflow.com/jobs/371225
紹介予定派遣/天六駅チカ WEB名刺発注システムに関する一連業務 PHP,株式会社スタッフサービス　エンジニアガイド,"Osaka, Japan",https://stackoverflow.com/jobs/370378
アプリエンジニア,株式会社MONOKROM,"Shibuya City, Japan",https://stackoverflow.com/jobs/375668
Engineering Team Lead - help build top rated SaaS tools for medical researchers!,Castor,"Amsterdam, Netherlands",https://stackoverflow.com/jobs/403016
Sr Front End Developer (Angular / React),HaysviaHays plc,"Orlando, FL",https://stackoverflow.com/jobs/373234
"Dev web fullstack C# (Asp.net, Typescript), pour sauver des vies !",Deeplink Medical,"Lyon, France",https://stackoverflow.com/jobs/362130
Senior Web Engineer,Bushel,"St. Petersburg, FL",https://stackoverflow.com/jobs/371225
アプリエンジニア,株式会社MONOKROM,"Shibuya City, Japan",https://stackoverflow.com/jobs/375668
Senior Ruby on Rails Developers (m/f/d),DataGuard,"München, Germany",https://stackoverflow.com/jobs/331663
Azure Developer /Admin,IT Business Management Solutions India Private Limited,"Bengaluru, India",https://stackoverflow.com/jobs/388194
《日本橋》ECサイトのバックエンドエンジニア,GROOVE X株式会社,"中央区, Japan",https://stackoverflow.com/jobs/409409
PHP Laravel Developer,WebClues Infotech,"Ahmedabad, India",https://stackoverflow.com/jobs/385084
PHP- Laravel Developer,XPERTICA TECHNOLOGIES PVT LTD,"Kolkata, India",https://stackoverflow.com/jobs/407380
CTO候補,株式会社KAEN,"Shibuya City, Japan",https://stackoverflow.com/jobs/407583
Fresher - PHP Developer (CodeIgniter),Yashaa Digital,"Pune, India",https://stackoverflow.com/jobs/406322
技術の力で働くひとの健康を創りませんか!ヘルステックサービス【テックリード】/インターネット/Webサービス・ASP,株式会社 iCARE,"Shibuya City, Japan",https://stackoverflow.com/jobs/407023
Software Engineer (Cyber Security),Surevine,"London, UK",https://stackoverflow.com/jobs/346002
エンジニア/中途 フロント基盤の全面刷新を行うJavaScriptエンジニア,オイシックス・ラ・大地株式会社,"Shinagawa City, Japan",https://stackoverflow.com/jobs/349175
Solution Architect,Inspired Thinking Group (ITG) Ltd.,"Birmingham, UK",https://stackoverflow.com/jobs/408553
開発エンジニア/オープンエントリー/インターネット/Webサービス・ASP,株式会社 フロムスクラッチ,"Shinjuku City, Japan",https://stackoverflow.com/jobs/408731
Sr Front End Developer (Angular / React),HaysviaHays plc,"Orlando, FL",https://stackoverflow.com/jobs/368896
Front End Java Developer,Brazen Technologies,"Arlington, VA",https://stackoverflow.com/jobs/406662
【インターンシップ】WEB,弁護士ドットコム株式会社,"Minato City, Japan",https://stackoverflow.com/jobs/340704
"時給3,300円 C#/即日/ウェアラブル医療機器の開発",株式会社エーティーエス,"Tachikawa, Japan",https://stackoverflow.com/jobs/391914
Symfony Developer,Capital Numbers Infotech,"Kolkata, India",https://stackoverflow.com/jobs/408636
LAMP開発(基幹業務システム),株式会社キャリアデザインITパートナーズ,"Shibuya City, Japan",https://stackoverflow.com/jobs/401065
Senior iOS Engineer (Swift),Wisely,No office location,https://stackoverflow.com/jobs/406293
ITエンジニア,株式会社with,"Chuo City, Japan",https://stackoverflow.com/jobs/403639
Solution Architect (f/m/diverse),Eurowings Digital GmbH,"Köln, Deutschland",https://stackoverflow.com/jobs/368535
フロントエンドエンジニア,LINE Fukuoka 株式会社,"Fukuoka, Japan",https://stackoverflow.com/jobs/316801
"Dev web fullstack C# (Asp.net, Typescript), pour sauver des vies !",Deeplink Medical,"Lyon, France",https://stackoverflow.com/jobs/362130
PHP Developer,Connect 4 Resources,"New Delhi, India",https://stackoverflow.com/jobs/393822
IT事業部スターティングメンバー(開発系職種),ワークタンク,"Shinagawa City, Japan",https://stackoverflow.com/jobs/345669
MVC PHP Developer,Crest Infosystems,"Surat, India",https://stackoverflow.com/jobs/346519
CI/CD Toolchain Developer,Segula Technologies Sweden,"Gothenburg, Sweden",https://stackoverflow.com/jobs/394262
Software Engineer (Cyber Security),Surevine,"London, UK",https://stackoverflow.com/jobs/346002
Solution Architect,Inspired Thinking Group (ITG) Ltd.,"Birmingham, UK",https://stackoverflow.com/jobs/408553
Front End UI Developer,"OpsRamp, Inc.","Hyderabad, India",https://stackoverflow.com/jobs/405931
Sr Front End Developer (Angular / React),HaysviaHays plc,"Orlando, FL",https://stackoverflow.com/jobs/368896
Front End Java Developer,Brazen Technologies,"Arlington, VA",https://stackoverflow.com/jobs/406662
システムエンジニア(バックエンド/フロントエンド),株式会社アーティス,"Hamamatsu, Japan",https://stackoverflow.com/jobs/309440
<正社員>VP of Engineer担当《本社正社員》,ユースタイルラボラトリー株式会社　本社,"Nakano City, Japan",https://stackoverflow.com/jobs/407574
Senior iOS Engineer (Swift),Wisely,No office location,https://stackoverflow.com/jobs/406293
技術の力で働くひとの健康を創りませんか!ヘルスケア　フロントエンジニア/インターネット/Webサービス・ASP,株式会社 iCARE,"Shibuya City, Japan",https://stackoverflow.com/jobs/356477
iOS Engineer,Durstexpress GmbH,"Berlin, Germany",https://stackoverflow.com/jobs/364025
Senior PHP Developer,Software Cubes,"Chennai, India",https://stackoverflow.com/jobs/382858
ECサイト　フロントエンドエンジニア,アスクル株式会社,"Koto City, Japan",https://stackoverflow.com/jobs/385809
Web Front-end Architect / Technical Lead,ELCA Informatique SA,"Zürich, Switzerland",https://stackoverflow.com/jobs/395689
PHP Developer,UniPartners IT-Services NV,"Vilvoorde, Belgium",https://stackoverflow.com/jobs/303824
Fresher - PHP Developer (CodeIgniter),Yashaa Digital,"Pune, India",https://stackoverflow.com/jobs/406322
プログラマ,株式会社マルジュ,"Osaka, Japan",https://stackoverflow.com/jobs/409077
Java、SQL/生命保険代理店サイトの再構築,株式会社ブレーンネット,"Chiyoda City, Japan",https://stackoverflow.com/jobs/360547
Werkstudent Aviation (m/w/d),ISO-Gruppe,"Nürnberg, Deutschland",https://stackoverflow.com/jobs/350870
Solution Architect (f/m/diverse),Eurowings Digital GmbH,"Köln, Deutschland",https://stackoverflow.com/jobs/368535
Werkstudent Aviation (m/w/d),ISO-Gruppe,"Nürnberg, Deutschland",https://stackoverflow.com/jobs/350870
PHP,附近网络科技,"Suzuka, Japan",https://stackoverflow.com/jobs/356746
Laravel Developer,Webgen Technologies Pvt Ltd.,"Kolkata, India",https://stackoverflow.com/jobs/400035
Tech Lead,エムスリー株式会社,"Minato City, Japan",https://stackoverflow.com/jobs/340162
Developer - PHP/ Laravel Framework,Smartway India Enterprises,"Coimbatore, India",https://stackoverflow.com/jobs/385054
PHP Developer,UniPartners IT-Services NV,"Vilvoorde, Belgium",https://stackoverflow.com/jobs/303824
フロントエンドエンジニア/テックリード(東京勤務),株式会社クラッソーネ,"Chiyoda City, Japan",https://stackoverflow.com/jobs/393080
Infrastructure Engineer (m/f/o),Agrando,"München, Germany",https://stackoverflow.com/jobs/316336
Senior Ruby on Rails Developers (m/f/d),DataGuard,"München, Germany",https://stackoverflow.com/jobs/331663
Full Stack Developer (with front-end inclinations),Discovery Inc.,"Sterling, VA",https://stackoverflow.com/jobs/401079
バックエンドエンジニア,株式会社LHL,"Shinjuku City, Japan",https://stackoverflow.com/jobs/395615
Flutter Working Student (m/f/d),BlueGo UG,"München, Deutschland",https://stackoverflow.com/jobs/371838
"Manager, Software Development",DATALINK SOFTWARE,"Tampa, FL",https://stackoverflow.com/jobs/394893
Sr Front End Developer (Angular / React),HaysviaHays plc,"Orlando, FL",https://stackoverflow.com/jobs/373234
Front End UI Developer,"OpsRamp, Inc.","Hyderabad, India",https://stackoverflow.com/jobs/405931
Web開発エンジニア,KIYOラーニング株式会社,"Chiyoda City, Japan",https://stackoverflow.com/jobs/401518
Full Stack Developer,Foyr,"Hyderabad, India",https://stackoverflow.com/jobs/405938
エンジニアリングマネージャー,SBヒューマンキャピタル株式会社,"Minato City, Japan",https://stackoverflow.com/jobs/401516
PHP Laravel Developer,WebClues Infotech,"Ahmedabad, India",https://stackoverflow.com/jobs/385084
ソフトウェアエンジニア(TIG/Technology Architect),フューチャーアーキテクト株式会社,"Shinagawa City, Japan",https://stackoverflow.com/jobs/346792
JavaScript/顧客、案件管理システム開発,株式会社ブレーンネット,"Chuo City, Japan",https://stackoverflow.com/jobs/387105
ECサイト　フロントエンドエンジニア,アスクル株式会社,"Koto City, Japan",https://stackoverflow.com/jobs/385809
Laravelを使ったサーバーレス開発を推進するバックエンドエンジニア,カレント自動車株式会社,"Shibuya City, Japan",https://stackoverflow.com/jobs/382628
Senior PHP Developer,Software Cubes,"Chennai, India",https://stackoverflow.com/jobs/382858
Full Stack Developer (with front-end inclinations),Discovery Inc.,"Sterling, VA",https://stackoverflow.com/jobs/401079
Full Stack Developer,Foyr,"Hyderabad, India",https://stackoverflow.com/jobs/405938
Web開発エンジニア,KIYOラーニング株式会社,"Chiyoda City, Japan",https://stackoverflow.com/jobs/401518
Senior PHP Developer,2basetechnologies,"Kochi, India",https://stackoverflow.com/jobs/323903
シニアフロントエンドエンジニア,GMOペパボ株式会社,"Shibuya City, Japan",https://stackoverflow.com/jobs/316205
フロントエンドエンジニア,GMOペパボ株式会社,"Shibuya City, Japan",https://stackoverflow.com/jobs/309018
Senior Front-end Developer,AdsWizz,"Bucharest, Romania",https://stackoverflow.com/jobs/401357
Senior Full Stack PHP Developer,Bark.com,"London, UK",https://stackoverflow.com/jobs/402736
バックエンドエンジニア,株式会社LHL,"Shinjuku City, Japan",https://stackoverflow.com/jobs/395615
Urgent opening for Laravel Developer,Appinfini Technologies Private Limited,"Noida, India",https://stackoverflow.com/jobs/383727
Front-End Web Developer,Maxwell GeoSystems,"Kochi, India",https://stackoverflow.com/jobs/380733
Java Developer,LMAX Group,"London, UK",https://stackoverflow.com/jobs/181651
社内SE,株式会社10ANTZ,"Shibuya City, Japan",https://stackoverflow.com/jobs/362821
Sr. Frontend Developer,Pivot Design,"Chicago, IL",https://stackoverflow.com/jobs/267169
Agile Developer & Senior Architect Developer,Ericsson,"Karlskrona, Sweden",https://stackoverflow.com/jobs/396268
Sr. PHP Developer,Technotech India,"Surat, India",https://stackoverflow.com/jobs/400860
.NET Developer,Typeqast,"Zagreb, Croatia",https://stackoverflow.com/jobs/336340
「保険相談ニアエル」のバックエンドエンジニア(リーダー)/インターネット/Webサービス・ASP,株式会社 LHL,"Shinjuku City, Japan",https://stackoverflow.com/jobs/403145
Full Stack Developer,DataRemote Inc,"Palmetto Bay, FL",https://stackoverflow.com/jobs/373005
PHP Full Stack Developer Junior/Senior,LeasingMarkt.de GmbH,"Düsseldorf, Deutschland",https://stackoverflow.com/jobs/321226
フロントエンドエンジニア(クラウドサイン),弁護士ドットコム株式会社,"Minato City, Japan",https://stackoverflow.com/jobs/406499
丸太町駅|React.jsなど最新技術を使いたいフロントエンジニアを募集 ( リモートも可 )|WEBデザイナー,メディアマックスジャパン株式会社 本社,"Kyoto, Japan",https://stackoverflow.com/jobs/403709
フロントエンドエンジニア,株式会社LOB,"Minato City, Japan",https://stackoverflow.com/jobs/378280
アプリエンジニア《残業10時間以下/自社サービス開発》,株式会社ビジョン・コンサルティング,"Shinjuku City, Japan",https://stackoverflow.com/jobs/393081
Senior Full Stack Developer,Insider,"Kâğıthane, Turkey",https://stackoverflow.com/jobs/362698
Tech Lead (m/w/d) Java,Breuninger GmbH & Co.,"Stuttgart, Deutschland",https://stackoverflow.com/jobs/390263
サーバーサイドエンジニア(自社カジュアルギフトサービス「giftee」チーム),type転職エージェント,"Shinagawa City, Japan",https://stackoverflow.com/jobs/310243
フロントエンドエンジニア~フリマアプリ『ラクマ』担当~,type転職エージェント,"Setagaya City, Japan",https://stackoverflow.com/jobs/387063
【東京】フロントエンドエンジニア/自社サービス,SBヒューマンキャピタル株式会社,"Minato City, Japan",https://stackoverflow.com/jobs/402133
CCCMK_内製エンジニア(データエンハンス),カルチュア･コンビニエンス・クラブグループ,"Shibuya City, Japan",https://stackoverflow.com/jobs/310196
フロントエンドエンジニア(au スマートパス),株式会社mediba,"Minato City, Japan",https://stackoverflow.com/jobs/309017
システムエンジニア,株式会社ロンバード,"Shinagawa City, Japan",https://stackoverflow.com/jobs/399813
明治神宮前駅|大手事業会社でサービスを加速させるフロントエンドエンジニア募集 月給25万~50万円/交通費支給|プログラマ(オープン WEB系),株式会社カドベヤ 株式会社カドベヤ,"Shibuya City, Japan",https://stackoverflow.com/jobs/405469
218 「 次世代プラットフォーム開発プロジェクト フロントエ...,合同会社DMMGAMES,"Minato City, Japan",https://stackoverflow.com/jobs/398284
JavaScript/顧客、案件管理システム開発,株式会社ブレーンネット,"Chuo City, Japan",https://stackoverflow.com/jobs/387105
ソフトウェアエンジニア(TIG/Technology Architect),フューチャーアーキテクト株式会社,"Shinagawa City, Japan",https://stackoverflow.com/jobs/346792
ソフトウェアエンジニア,World-Line株式会社,"Minato City, Japan",https://stackoverflow.com/jobs/407603
リードエンジニア(フルスタック),株式会社node,"Minato City, Japan",https://stackoverflow.com/jobs/408044
Flutter Working Student (m/f/d),BlueGo UG,"München, Deutschland",https://stackoverflow.com/jobs/371838
Webエンジニア(機械学習),株式会社ロンバード,"Shinagawa City, Japan",https://stackoverflow.com/jobs/399531
乃木坂駅|React.jsなど最新技術を使いたいフロントエンジニアを募集 ( リモートも可 )|WEBデザイナー,メディアマックスジャパン株式会社 東京オフィス,"Minato City, Japan",https://stackoverflow.com/jobs/403431
エンジニア/リーダー,ビッグローブ株式会社,"Shinagawa City, Japan",https://stackoverflow.com/jobs/328689
ソフトウェア/インフラエンジニア,株式会社フロムスクラッチ,"Shinjuku City, Japan",https://stackoverflow.com/jobs/379426
サーバーサイド エンジニア,株式会社テコテック,"Minato City, Japan",https://stackoverflow.com/jobs/377437
Webアプリエンジニア募集,株式会社セルシス,"Shinjuku City, Japan",https://stackoverflow.com/jobs/398215
.Net Architect / Technical Lead,ELCA Informatique SA,"Zürich, Switzerland",https://stackoverflow.com/jobs/395513
Senior JavaScript Engineer (Node/React) - Learn Serverless!,CazooviaTalent Point,"London, UK",https://stackoverflow.com/jobs/393526
早稲田駅|開発部門のマネージャー候補(優秀なメンバー / フラットな組織 / チャンスの多い環境)|プロジェクトマネージャ(オープン WEB系),株式会社プライムスタイル 東京本社,"Bunkyo City, Japan",https://stackoverflow.com/jobs/404669
Software Engineer/ Architect,Daugherty Business Solutions,"Creve Coeur, MO",https://stackoverflow.com/jobs/382530
シニアエンジニア,ソウルドアウト株式会社,"Chiyoda City, Japan",https://stackoverflow.com/jobs/394986
Integration Developer - .Net,Orchard Marketing,"Pyrmont, Australia",https://stackoverflow.com/jobs/362979
乃木坂駅|React.jsなど最新技術を使いたいフロントエンジニアを募集 ( リモートも可 )|WEBデザイナー,メディアマックスジャパン株式会社 東京オフィス,"Minato City, Japan",https://stackoverflow.com/jobs/403431
ソフトウェア/インフラエンジニア,株式会社フロムスクラッチ,"Shinjuku City, Japan",https://stackoverflow.com/jobs/379426
システムエンジニア,株式会社スマートバリュー,"Chuo City, Japan",https://stackoverflow.com/jobs/389651
Webアプリエンジニア,アイレット株式会社,"Minato City, Japan",https://stackoverflow.com/jobs/319824
サーバーサイド エンジニア,株式会社テコテック,"Minato City, Japan",https://stackoverflow.com/jobs/377437
Webアプリエンジニア募集,株式会社セルシス,"Shinjuku City, Japan",https://stackoverflow.com/jobs/398215
Senior JavaScript Engineer (Node/React) - Learn Serverless!,CazooviaTalent Point,"London, UK",https://stackoverflow.com/jobs/393526
早稲田駅|開発部門のマネージャー候補(優秀なメンバー / フラットな組織 / チャンスの多い環境)|プロジェクトマネージャ(オープン WEB系),株式会社プライムスタイル 東京本社,"Bunkyo City, Japan",https://stackoverflow.com/jobs/404669
シニアエンジニア,ソウルドアウト株式会社,"Chiyoda City, Japan",https://stackoverflow.com/jobs/394986
AI関連システムの開発(Python),株式会社キャリアデザインITパートナーズ,"Shibuya City, Japan",https://stackoverflow.com/jobs/375887
.NET Developer,UniPartners IT-Services NV,"Vilvoorde, Belgium",https://stackoverflow.com/jobs/303810
JavaScriptエンジニア,type転職エージェント,"Chiyoda City, Japan",https://stackoverflow.com/jobs/403199
青山一丁目駅|React.jsなど最新技術を使いたいフロントエンジニアを募集 ( リモートも可 )|その他のシステム開発(オープン WEB系)関連職,メディアマックスジャパン株式会社 東京オフィス,"Minato City, Japan",https://stackoverflow.com/jobs/403695
Azureエンジニア/システムインテグレータ・ソフトハウス,株式会社 GxP,"Shinjuku City, Japan",https://stackoverflow.com/jobs/403656
SRE,株式会社スマートショッピング,"Shinagawa City, Japan",https://stackoverflow.com/jobs/365878
フロントエンドエンジニア,パーソルキャリア株式会社,"Chiyoda City, Japan",https://stackoverflow.com/jobs/402351
【キャリア】ヤバいフロントエンドエンジニア,株式会社ISAO,"Taito City, Japan",https://stackoverflow.com/jobs/384150
システムエンジニア,株式会社スマートバリュー,"Osaka, Japan",https://stackoverflow.com/jobs/409080
Rubyエンジニア(研究開発チーム)/インターネット/Webサービス・ASP,株式会社 LegalForce,"Chiyoda City, Japan",https://stackoverflow.com/jobs/403187
フロントエンドエンジニア/re:shineチーム,株式会社メタップス,"Minato City, Japan",https://stackoverflow.com/jobs/354494
ハードウェアエンジニア/システムインテグレータ・ソフトハウス,株式会社 ゼロフィールド,"Minato City, Japan",https://stackoverflow.com/jobs/401941
RPA上流エンジニア,type転職エージェント,"Toshima City, Japan",https://stackoverflow.com/jobs/334232
暗号資産取引所のバックエンドエンジニアを募集!,コインチェック株式会社,"Shibuya City, Japan",https://stackoverflow.com/jobs/407022
フロントエンドエンジニア,株式会社うるる,"Chuo City, Japan",https://stackoverflow.com/jobs/398269
DevOps Engineer (Active TS SCI with Polygraph),APEX Expert Solutions,"Reston, VA",https://stackoverflow.com/jobs/390714
社内SE,type転職エージェント,"Shibuya City, Japan",https://stackoverflow.com/jobs/394105
Senior Data Scientist,Cubic Corporation,"Hyderabad, India",https://stackoverflow.com/jobs/405057
サーバーサイド エンジニア,株式会社テコテック,"Minato City, Japan",https://stackoverflow.com/jobs/377437
プレイングマネジャー/インターネット/Webサービス・ASP,株式会社 テトラクローマ,"Shinjuku City, Japan",https://stackoverflow.com/jobs/407601
Software Engineer in Test/インターネット/Webサービス・ASP,BHI 株式会社,"Shibuya City, Japan",https://stackoverflow.com/jobs/401865
早稲田駅|開発部門のマネージャー候補(優秀なメンバー / フラットな組織 / チャンスの多い環境)|プロジェクトマネージャ(オープン WEB系),株式会社プライムスタイル 東京本社,"Bunkyo City, Japan",https://stackoverflow.com/jobs/404669
新着 プロダクト開発エンジニア(CSA),クラスメソッド株式会社,"Chiyoda City, Japan",https://stackoverflow.com/jobs/403646
ハードウェアエンジニア/システムインテグレータ・ソフトハウス,株式会社 ゼロフィールド,"Minato City, Japan",https://stackoverflow.com/jobs/401941
小千谷駅|開発案件のアーキテクト(海外とのやりとりあり / 残業少なめ / チャンスの多いベンチャー企業)|アプリケーション設計(オープン WEB系),株式会社プライムスタイル 新潟オフィス,"Ojiya, Japan",https://stackoverflow.com/jobs/403790
サーバーサイドエンジニア/Webマーケティング・ネット広告,株式会社 フクロウラボ,"Shibuya City, Japan",https://stackoverflow.com/jobs/408314
(RetailTechプロダクト),type転職エージェント,"Minato City, Japan",https://stackoverflow.com/jobs/379380
グローバル空調IoTプラットフォーム開発,ダイキン工業株式会社 本社江坂ビル,"Suita, Japan",https://stackoverflow.com/jobs/392531
Senior Product Software Engineer,Wolters Kluwer,"Tampa, FL",https://stackoverflow.com/jobs/363673
暗号資産取引所のバックエンドエンジニアを募集!,コインチェック株式会社,"Shibuya City, Japan",https://stackoverflow.com/jobs/407022
派遣/駅チカの綺麗なオフィス サーバーサイドエンジニア Linux,株式会社スタッフサービス　エンジニアガイド,"Shibuya City, Japan",https://stackoverflow.com/jobs/393102
Senior Full Stack Developer,Insider,"Kâğıthane, Turkey",https://stackoverflow.com/jobs/362698
クラウドエンジニア(AWS),type転職エージェント,"Shinjuku City, Japan",https://stackoverflow.com/jobs/319817
フロントエンドエンジニア,株式会社プレコヒューマ,"Minato City, Japan",https://stackoverflow.com/jobs/409027
フロントエンドエンジニア,株式会社フォーミックス,"Shinagawa City, Japan",https://stackoverflow.com/jobs/397466
Full Stack Ruby on Rails Engineer (f/m/d),On Running,"Berlin, Germany",https://stackoverflow.com/jobs/334429
リアルタイム通信サーバーサイドエンジニアを募集!,カディンチェ株式会社,"Shinagawa City, Japan",https://stackoverflow.com/jobs/402388
オープンポジション,type転職エージェント,"Shinjuku City, Japan",https://stackoverflow.com/jobs/391240
(Go/PHP)公営競技サービスサーバーサイド開発案件,レバテック株式会社,"Minato City, Japan",https://stackoverflow.com/jobs/388685
.Net Developer,We Write Code,"Des Moines, IA",https://stackoverflow.com/jobs/365652
Senior PHP Developer,Defiant Inc,No office location,https://stackoverflow.com/jobs/386493
Solution Architect H/F,ENGIE Digital,"Paris, France",https://stackoverflow.com/jobs/399224
ソフトウェアエンジニア(メディアグロース),type転職エージェント,"Shibuya City, Japan",https://stackoverflow.com/jobs/387492
(Go/PHP)公営競技サービスサーバーサイド開発案件,レバテック株式会社,"Minato City, Japan",https://stackoverflow.com/jobs/388685
.Net Developer,We Write Code,"Des Moines, IA",https://stackoverflow.com/jobs/365652
Senior Data Scientist,Cubic Corporation,"Hyderabad, India",https://stackoverflow.com/jobs/405057
Java Architect / Technical Lead,ELCA Informatique SA,,https://stackoverflow.com/jobs/395712
サーバサイドエンジニア,ソウルドアウト株式会社,"Chiyoda City, Japan",https://stackoverflow.com/jobs/378642
バックエンドエンジニア　/　AIベンチャー,クライス&カンパニー,"Bunkyo City, Japan",https://stackoverflow.com/jobs/402128
バックエンドエンジニア,GROOVEX株式会社,"中央区, Japan",https://stackoverflow.com/jobs/393078
WEB名刺発注システム開発要件定義 (印刷会社でのお仕事です直接雇用あり) PHP,株式会社スタッフサービス,"Osaka, Japan",https://stackoverflow.com/jobs/370480
Webエンジニア/プログラマ(京都)/システムインテグレータ・ソフトハウス,株式会社 ブイ・クルーズ,"Kyoto, Japan",https://stackoverflow.com/jobs/402834
オープン系・Web系開発業務,株式会社アルス・ノヴァ,"Chiyoda City, Japan",https://stackoverflow.com/jobs/340328
Principal Network Engineer,Citizens Bank,"Providence, RI",https://stackoverflow.com/jobs/398125
PHP Developer,CM.com,"Breda, Netherlands",https://stackoverflow.com/jobs/363618
リアルタイム通信サーバーサイドエンジニアを募集!,カディンチェ株式会社,"Shinagawa City, Japan",https://stackoverflow.com/jobs/402388
.NET Architect / Technical Lead,ELCA Informatique SA,,https://stackoverflow.com/jobs/395185
自社開発のシステムを用いて営業においてイノベーションを起こしている企業のWebエンジニアの求人情報,ベルフェイス株式会社,"Minato City, Japan",https://stackoverflow.com/jobs/406932
新卒エンジニア(21卒),ナイル株式会社,"Shinagawa City, Japan",https://stackoverflow.com/jobs/378761
アプリケーション開発エンジニア,株式会社ゴーリスト,"Chiyoda City, Japan",https://stackoverflow.com/jobs/384660
社内SE(自社システム企画/開発)/フレックス勤務,株式会社Works Human Intelligence,"Minato City, Japan",https://stackoverflow.com/jobs/376123
Full Stack Developer / Softwareentwickler (m/w/d) für Daten Management,AbbVie Deutschland GmbH & Co. KG,"Ludwigshafen am Rhein, Deutschland",https://stackoverflow.com/jobs/397505
CRE(クラウドサイン)/インターネット/Webサービス・ASP,弁護士ドットコム 株式会社,"Minato City, Japan",https://stackoverflow.com/jobs/402839
Cloud Network Architect,Citizens Bank,"Providence, RI",https://stackoverflow.com/jobs/398124
Ruby on Rails Developer,Nebulab,No office location,https://stackoverflow.com/jobs/225436
リードエンジニア,株式会社ネクストビート,"Shibuya City, Japan",https://stackoverflow.com/jobs/376317
QA Engineer,Back Market,"Paris, France",https://stackoverflow.com/jobs/283888
SREエンジニア,type転職エージェント,"Shinagawa City, Japan",https://stackoverflow.com/jobs/344680
フロントエンド・リードエンジニア,株式会社うるる,"Chuo City, Japan",https://stackoverflow.com/jobs/398265
エンジニア,株式会社アグリメディア,"Shinjuku City, Japan",https://stackoverflow.com/jobs/310358
Webアプリエンジニア,株式会社ミナケア,"Chiyoda City, Japan",https://stackoverflow.com/jobs/309610
【バイト】実務未経験OK!自社開発アプリを支えるサーバーサイドエンジニア,株式会社メイツ,"Shinjuku City, Japan",https://stackoverflow.com/jobs/389602
Solution Architect H/F,ENGIE Digital,"Paris, France",https://stackoverflow.com/jobs/399224
エンジニアリング系技術職,ワークタンク,"Sagamihara, Japan",https://stackoverflow.com/jobs/340346
【正社員・上場企業】サーバーサイドエンジニア・年収~600万円,株式会社サークルネット,"Osaka, Japan",https://stackoverflow.com/jobs/408746
フルリモートエンジニア,株式会社プライムスタイル,"Bunkyo City, Japan",https://stackoverflow.com/jobs/340348
新卒採用 エンジニア,株式会社セレス,"Setagaya City, Japan",https://stackoverflow.com/jobs/350679
システム・コンサルタント,株式会社エム・エー・ディー,"Chuo City, Japan",https://stackoverflow.com/jobs/392693
Webエンジニア/プログラマ(京都)/システムインテグレータ・ソフトハウス,株式会社 ブイ・クルーズ,"Kyoto, Japan",https://stackoverflow.com/jobs/402834
バックエンドエンジニア　/　AIベンチャー,クライス&カンパニー,"Bunkyo City, Japan",https://stackoverflow.com/jobs/402128
飲食店の未来をテクノロジーで創造|モバイルオーダーサービス開発のテックリード,株式会社Showcase Gig,"Minato City, Japan",https://stackoverflow.com/jobs/382630
Webエンジニア(社内向けサービス),株式会社コロプラ,"Shibuya City, Japan",https://stackoverflow.com/jobs/309686
Java Architect / Technical Lead,ELCA Informatique SA,,https://stackoverflow.com/jobs/395712
・フロントエンドエンジニア ・バックエンドエンジニア ・モバイルエンジニア( Flutterエンジニア ),エヌ次元株式会社,"Shibuya City, Japan",https://stackoverflow.com/jobs/355366
システムエンジニア,株式会社アローインフォメーション,"Minato City, Japan",https://stackoverflow.com/jobs/408777
飲食店×テクノロジー×仙台|0 1立ち上げバックエンドエンジニア,株式会社Showcase Gig,"Sendai, Japan",https://stackoverflow.com/jobs/356373
Webアプリケーションエンジニア,株式会社シムネット,"Sendai, Japan",https://stackoverflow.com/jobs/308962
Lead Developer Ruby on Rails (m/f/div),PAIR Finance GmbH,"Berlin, Deutschland",https://stackoverflow.com/jobs/303965
セキュリティエンジニア,type転職エージェント,"Chiyoda City, Japan",https://stackoverflow.com/jobs/403961
Webコーダー 制作会社で大手クライアント受託 HTML JavaScript,株式会社フェローズ,"Morioka, Japan",https://stackoverflow.com/jobs/383689
Ruby on Rails Developer,Nebulab,No office location,https://stackoverflow.com/jobs/225436
新卒エンジニア(21卒),ナイル株式会社,"Shinagawa City, Japan",https://stackoverflow.com/jobs/378761
【インターンシップ】 技術職向け春のシップ,ピクシブ株式会社,"Shibuya City, Japan",https://stackoverflow.com/jobs/350616
セキュリティエンジニア (メンバー),株式会社Works Human Intelligence,"Minato City, Japan",https://stackoverflow.com/jobs/381210
エンジニアリング系技術職,ワークタンク,"Sagamihara, Japan",https://stackoverflow.com/jobs/340346
フロントエンドエンジニア,株式会社リブセンス,"Shinagawa City, Japan",https://stackoverflow.com/jobs/400565
正社員スポーツ業界でWebを中心としたサービスを提供/toB、toC案件に携わるシステムエンジニア募集,株式会社インターナショナルスポーツマーケティング,"Minato City, Japan",https://stackoverflow.com/jobs/407590
【アプリケーションエンジニア】東証マザーズ上場IT企業の増員による求人情報,株式会社ユーザベース,"Minato City, Japan",https://stackoverflow.com/jobs/401601
IoTエンジニア,株式会社スマートショッピング,"Shinagawa City, Japan",https://stackoverflow.com/jobs/365883
Lead Developer Ruby on Rails (m/f/div),PAIR Finance GmbH,"Berlin, Deutschland",https://stackoverflow.com/jobs/303965
小千谷駅|AI案件増加中 / リモート勤務など柔軟に働けます / 残業少なめ / SE 募集 |データベース設計 構築 運用 保守(オープン WEB系),株式会社プライムスタイル 新潟オフィス,"Ojiya, Japan",https://stackoverflow.com/jobs/403789
開発エンジニア,株式会社プライムスタイル,"Bunkyo City, Japan",https://stackoverflow.com/jobs/399964
Chapter Lead Data Engineering,ING,"Amsterdam, Netherlands",https://stackoverflow.com/jobs/408804
Webエンジニア 広告サービス自社開発,株式会社ロンバード,"Shinagawa City, Japan",https://stackoverflow.com/jobs/394200
フロントエンドエンジニア(プログラマー),株式会社　　エース,"Osaka, Japan",https://stackoverflow.com/jobs/309870
SE,type転職エージェント,"Chiyoda City, Japan",https://stackoverflow.com/jobs/310052
"Senior Fullstack Developer (Python, Java, AngularJS, Node.JS, React, Web, UI)",Mimecast,"London, UK",https://stackoverflow.com/jobs/394452
PHPエンジニア(大阪)/システムインテグレータ・ソフトハウス,株式会社 ロジカルスタジオ,"Osaka, Japan",https://stackoverflow.com/jobs/402098
バックエンドエンジニア,合同会社DMM.com,"Minato City, Japan",https://stackoverflow.com/jobs/368242
SRE(Site Reliability Engineer)エンジニア (メンバー),株式会社Works Human Intelligence,"Minato City, Japan",https://stackoverflow.com/jobs/381207
サーバーサイドエンジニア,株式会社リブセンス,"Shinagawa City, Japan",https://stackoverflow.com/jobs/379405
SE,株式会社アイスリーデザイン,"Shibuya City, Japan",https://stackoverflow.com/jobs/375665
【週休3日!・横浜・やる気、センス重視・2021新卒】Webエンジニア,株式会社ベイストリーム,"Yokohama, Japan",https://stackoverflow.com/jobs/381188
フロントエンドエンジニア,CROOZ EC Partners株式会社,"Shinagawa City, Japan",https://stackoverflow.com/jobs/401593
プロジェクトマネージャー,株式会社ベガコーポレーション,"Fukuoka, Japan",https://stackoverflow.com/jobs/345102
SRE(Site Reliability Engineer)エンジニア (メンバー),株式会社Works Human Intelligence,"Minato City, Japan",https://stackoverflow.com/jobs/381207
サーバーサイドエンジニア,株式会社リブセンス,"Shinagawa City, Japan",https://stackoverflow.com/jobs/379405
プロダクトエンジニア,株式会社インター・ビュー,"Taito City, Japan",https://stackoverflow.com/jobs/401067
【週休3日!・横浜・やる気、センス重視・2021新卒】Webエンジニア,株式会社ベイストリーム,"Yokohama, Japan",https://stackoverflow.com/jobs/381188
フロントエンドエンジニア,CROOZ EC Partners株式会社,"Shinagawa City, Japan",https://stackoverflow.com/jobs/401593
プロジェクトマネージャー,株式会社ベガコーポレーション,"Fukuoka, Japan",https://stackoverflow.com/jobs/345102
SE・プログラマ 2021卒,株式会社イーグリッド,"Maebashi, Japan",https://stackoverflow.com/jobs/375533
Webアプリケーション開発フルスタックエンジニア,株式会社Widsley,"Shibuya City, Japan",https://stackoverflow.com/jobs/389652
フロントエンドエンジニア,株式会社アジャイルウェア,"Osaka, Japan",https://stackoverflow.com/jobs/338380
ソフト開発プログラミング (ソフトウェア会社でのお仕事です ) Java,株式会社スタッフサービス,"Shinjuku City, Japan",https://stackoverflow.com/jobs/405745
最先端技術研究/企画/開発フルスタックエンジニア,株式会社Widsley,"Shibuya City, Japan",https://stackoverflow.com/jobs/388409
サーバーサイドエンジニア,type転職エージェント,"Chiyoda City, Japan",https://stackoverflow.com/jobs/397262
SE,type転職エージェント,"Chiyoda City, Japan",https://stackoverflow.com/jobs/310052
フロントエンドエンジニア,アイレット株式会社,"Minato City, Japan",https://stackoverflow.com/jobs/376125
Webエンジニア,株式会社スタディスト,"Chiyoda City, Japan",https://stackoverflow.com/jobs/405434
スマートフォンアプリエンジニア[iOS/Android](常駐),株式会社メンバーズ 常駐型デジタルプロフェッショナルサービス,"Shinagawa City, Japan",https://stackoverflow.com/jobs/359949
Webエンジニア / リプレイス,ベルフェイス株式会社,"Minato City, Japan",https://stackoverflow.com/jobs/406931
Senior Web Developer,Portable,"Fitzroy, Australia",https://stackoverflow.com/jobs/366188
アプリケーションエンジニア,株式会社モバイルファクトリー,"Shinagawa City, Japan",https://stackoverflow.com/jobs/310151
プロジェクトマネージャー,データスタジアム株式会社,"Minato City, Japan",https://stackoverflow.com/jobs/318666
フロントエンドエンジニア/ リプレイス,ベルフェイス株式会社,"Minato City, Japan",https://stackoverflow.com/jobs/407589
プロダクトマネージャー/インターネット/Webサービス・ASP,株式会社 フロムスクラッチ,"Shinjuku City, Japan",https://stackoverflow.com/jobs/357147
フロントエンドエンジニア,type転職エージェント,"Shibuya City, Japan",https://stackoverflow.com/jobs/377640
エンジニアリングマネージャー,株式会社アペルザ,"Yokohama, Japan",https://stackoverflow.com/jobs/349171
エンジニア,株式会社ラクーン,"Chuo City, Japan",https://stackoverflow.com/jobs/341388
Ruby/Railsエンジニア/システムインテグレータ・ソフトハウス,株式会社 ゼロフィールド,"Minato City, Japan",https://stackoverflow.com/jobs/402857
プロダクトマネージャー,株式会社よきあす,"Chiyoda City, Japan",https://stackoverflow.com/jobs/408385
フロントエンドエンジニア/ リプレイス,ベルフェイス株式会社,"Minato City, Japan",https://stackoverflow.com/jobs/407589
プロダクトマネージャー/インターネット/Webサービス・ASP,株式会社 フロムスクラッチ,"Shinjuku City, Japan",https://stackoverflow.com/jobs/357147
プロジェクトマネージャー,UUUM株式会社,"Minato City, Japan",https://stackoverflow.com/jobs/403393
サーバーサイドエンジニア / 会計システム開発 / コーポレート,LINE株式会社,"Shinjuku City, Japan",https://stackoverflow.com/jobs/310085
Webエンジニア,株式会社イマジカデジタルスケープ,"Osaka, Japan",https://stackoverflow.com/jobs/315032
GU Webデベロッパー / Web Developer,株式会社ジーユー,"Koto City, Japan",https://stackoverflow.com/jobs/310241
アプリエンジニア,ピーシーフェーズ株式会社,"Shibuya City, Japan",https://stackoverflow.com/jobs/318502
社内ツール開発エンジニア (メンバー),株式会社Works Human Intelligence,"Minato City, Japan",https://stackoverflow.com/jobs/381183
プログラマ,"Evolable Asia Co.,Ltd.","Chuo City, Japan",https://stackoverflow.com/jobs/403953
開発エンジニア(スポーツチーム向けサービス),データスタジアム株式会社,"Minato City, Japan",https://stackoverflow.com/jobs/317533
Senior Cloud Ops Engineer,"Unanet, Inc.","Sterling, VA",https://stackoverflow.com/jobs/406883
最先端SaaSプロダクトのシステム保守運用エンジニア,ランスタッド株式会社,"Fukuoka, Japan",https://stackoverflow.com/jobs/387996
システムエンジニア,株式会社1UP,"Kobe, Japan",https://stackoverflow.com/jobs/392519
webエンジニア,合同会社DMM.com,"Minato City, Japan",https://stackoverflow.com/jobs/382632
AWSエンジニア,株式会社キュービック,"Shinjuku City, Japan",https://stackoverflow.com/jobs/397789
SE,ピーティーエス・コンサルティング・ジャパン株式会社,"Shinjuku City, Japan",https://stackoverflow.com/jobs/309022
【インターンシップ】WEB IT/ソフトウェア,株式会社CyberOwl,"Shibuya City, Japan",https://stackoverflow.com/jobs/389578
Webアプリエンジニア,チームラボ株式会社,"Chiyoda City, Japan",https://stackoverflow.com/jobs/317851
Webアプリエンジニア,アイレット株式会社,"Osaka, Japan",https://stackoverflow.com/jobs/398964
プログラマ,株式会社シンクラフト,"Shibuya City, Japan",https://stackoverflow.com/jobs/392568
新規ゲームメディア開発マネージャー,ナイル株式会社,"Shinagawa City, Japan",https://stackoverflow.com/jobs/394412
WEBアプリエンジニア/ソフトウェア/パッケージベンダ,株式会社 セルシス,"Shinjuku City, Japan",https://stackoverflow.com/jobs/357587
Webエンジニア(macaroni)/インターネット/Webサービス・ASP,株式会社 トラストリッジ,"Meguro City, Japan",https://stackoverflow.com/jobs/407597
Webエンジニア(SaaS事業),アイスタイルグループ,"Minato City, Japan",https://stackoverflow.com/jobs/378911
研究開発(R&D)エンジニア,アイレット株式会社,"Minato City, Japan",https://stackoverflow.com/jobs/376015
コンテンツプラットフォームエンジニア,株式会社Gunosy,"Minato City, Japan",https://stackoverflow.com/jobs/375681
サーバーサイドエンジニア(フィンテック)/インターネット/Webサービス・ASP,株式会社 Relic,"Shibuya City, Japan",https://stackoverflow.com/jobs/402843
PHP Developer,SibzSolutions,"Pune, India",https://stackoverflow.com/jobs/323068
株式会社VOYAGE GROUP PORTO tv事業本部 アプリケーションエンジニア,株式会社VOYAGE GROUP,"Shibuya City, Japan",https://stackoverflow.com/jobs/388724
Webエンジニア,シアトルコンサルティング株式会社,"Minato City, Japan",https://stackoverflow.com/jobs/317908
エンジニア,株式会社セレス,"Setagaya City, Japan",https://stackoverflow.com/jobs/318453
ITエンジニア,JYJサンブリッジ株式会社,"Chuo City, Japan",https://stackoverflow.com/jobs/377619
DevOpsエンジニア(開発運用スタッフ)/若手層~シニア層まで幅広く複数名募集,type転職エージェント,"Minato City, Japan",https://stackoverflow.com/jobs/321011
【AWS】クラウドインフラエンジニア,株式会社ヴォーカーズ,"Shibuya City, Japan",https://stackoverflow.com/jobs/319558
SRE(サイトリライアビリティエンジニア )/インターネット/Webサービス・ASP,BHI 株式会社,"Shibuya City, Japan",https://stackoverflow.com/jobs/404409
フロントエンドエンジニア,CROOZ SHOPLIST株式会社,"Shinagawa City, Japan",https://stackoverflow.com/jobs/386263
リードエンジニア(広島)/インターネット/Webサービス・ASP,株式会社 セイルボート,"Hiroshima, Japan",https://stackoverflow.com/jobs/408717
ITスペシャリスト (メンバー/リーダー候補),株式会社Works Human Intelligence,"Nagoya, Japan",https://stackoverflow.com/jobs/381211
リードエンジニア(神戸・札幌・フルリモート)/ITコンサルティング,株式会社 メンバーズ メンバーズエッジカンパニー,"Sapporo, Japan",https://stackoverflow.com/jobs/402796
ソフトウェアエンジニア,株式会社クイック,"Minato City, Japan",https://stackoverflow.com/jobs/388702
【自社開発のみ / PG】経験者優遇!急成長中のBtoCマーケットプレイスを支えるPHPプログラマー募集,クムクム株式会社,"Minato City, Japan",https://stackoverflow.com/jobs/387675
ポテンシャル採用エンジニア,株式会社インディバル,"Chiyoda City, Japan",https://stackoverflow.com/jobs/384996
サーバーサイドエンジニア/インターネット/Webサービス・ASP,株式会社 Relic,"Shibuya City, Japan",https://stackoverflow.com/jobs/357583
サーバーサイドエンジニア(グローバル)/インターネット/Webサービス・ASP,株式会社 Relic,"Shibuya City, Japan",https://stackoverflow.com/jobs/403137
ネイティブアプリエンジニア,CROOZ SHOPLIST株式会社,"Shinagawa City, Japan",https://stackoverflow.com/jobs/386262
エンジニアリングマネージャ[東京](Engineering Manager),株式会社Holmes,"Chiyoda City, Japan",https://stackoverflow.com/jobs/391597
フロントエンドエンジニア,株式会社MONSTER DIVE,"Minato City, Japan",https://stackoverflow.com/jobs/354072
Rails/PHP エンジニア(京都・時短)/システムインテグレータ・ソフトハウス,株式会社 ブイ・クルーズ,"Kyoto, Japan",https://stackoverflow.com/jobs/402833
リードエンジニア(神戸・札幌・フルリモート)/ITコンサルティング,株式会社 メンバーズ メンバーズエッジカンパニー,"Sapporo, Japan",https://stackoverflow.com/jobs/402796
社内業務,"転職支援インター・スクエアー,Inc.","Shinagawa City, Japan",https://stackoverflow.com/jobs/409065
リードエンジニア(天神・北九州・今宿・フルリモート)/ITコンサルティング,株式会社 メンバーズ メンバーズエッジカンパニー,"Fukuoka, Japan",https://stackoverflow.com/jobs/401907
WEBエンジニア(福岡勤務)/ITコンサルティング,株式会社 メンバーズ メンバーズエッジカンパニー,"Fukuoka, Japan",https://stackoverflow.com/jobs/401909
サーバサイドエンジニア/システムインテグレータ・ソフトハウス,ノウブル 株式会社,"Minato City, Japan",https://stackoverflow.com/jobs/401940
エンジニアリングマネージャー,アイスタイルグループ,"Minato City, Japan",https://stackoverflow.com/jobs/366340
その他、技術系,株式会社ユニクエスト,"Osaka, Japan",https://stackoverflow.com/jobs/406390
システム保守運用,株式会社フロムスクラッチ,"Fukuoka, Japan",https://stackoverflow.com/jobs/376982
"総合予約サイト 機能拡張・運用等 PMO,PM(浜松町)",株式会社ビーネックスソリューションズ,"Minato City, Japan",https://stackoverflow.com/jobs/407598
プログラマー(PG)福利厚生充実/奨学金手当/最大60万円/住宅手当(月額2万7000円)持ち家でも支給,株式会社サンテクト,"Osaka, Japan",https://stackoverflow.com/jobs/409644
フロントエンドエンジニア(弁護士ドットコム),弁護士ドットコム株式会社,"Minato City, Japan",https://stackoverflow.com/jobs/343138
プログラマー(PG)業界未経験者歓迎/知識・経験に応じた研修制度が充実/中途入社の方100%が給与アップ,株式会社サンテクト,"Yokohama, Japan",https://stackoverflow.com/jobs/409640
後楽園駅|Web系システム開発エンジニア若手大歓迎 あなたの成長を全力でサポートします |アプリケーション設計(オープン WEB系),株式会社ジェネスティコンサルティング 本社※勤務先はお客様先です,"Chiyoda City, Japan",https://stackoverflow.com/jobs/403859
フロントエンドエンジニア,株式会社メンバーズ,"Fukuoka, Japan",https://stackoverflow.com/jobs/409329
九段下駅|Web系システム開発エンジニア若手大歓迎 あなたの成長を全力でサポートします |データベース設計 構築 運用 保守(オープン WEB系),株式会社ジェネスティコンサルティング 本社※勤務先はお客様先です,"Chiyoda City, Japan",https://stackoverflow.com/jobs/403861
Webエンジニア/京都支社スターティングメンバー/自社内開発あり/残業月平均12h/テレワーク制度あり,株式会社　アクセル・モード,"Yokote, Japan",https://stackoverflow.com/jobs/318537
プロダクトマネージャー,株式会社フロムスクラッチ,"Shinjuku City, Japan",https://stackoverflow.com/jobs/377012
プログラマー(PG)経験者歓迎/前職給与保証/転職者全員が前職より給与アップ/全社員毎年昇給,株式会社サンテクト,"Sagamihara, Japan",https://stackoverflow.com/jobs/409639
Développeur Front-End Angular,AIM Services SA,"Geneva, Switzerland",https://stackoverflow.com/jobs/371113
リードエンジニア,アイスタイルグループ,"Minato City, Japan",https://stackoverflow.com/jobs/367374
プログラマー(PG)経験者歓迎/前職給与保証/転職者全員が前職より給与アップ/全社員毎年昇給,株式会社サンテクト,"Shinagawa City, Japan",https://stackoverflow.com/jobs/409669
プログラマー(PG)経験者歓迎/前職給与保証/転職者全員が前職より給与アップ/全社員毎年昇給,株式会社サンテクト,"Takamatsu, Japan",https://stackoverflow.com/jobs/409649
プログラマー(PG)福利厚生充実/奨学金手当/最大60万円/住宅手当(月額2万7000円)持ち家でも支給,株式会社サンテクト,"Yokohama, Japan",https://stackoverflow.com/jobs/409637
飯田橋駅|Web系システム開発エンジニア若手大歓迎 あなたの成長を全力でサポートします |アプリケーション設計(オープン WEB系),株式会社ジェネスティコンサルティング 本社※勤務先はお客様先です,"千代田区, Japan",https://stackoverflow.com/jobs/403860
飯田橋駅|Web系システム開発エンジニア若手大歓迎 あなたの成長を全力でサポートします |プログラマ(オープン WEB系),株式会社ジェネスティコンサルティング 本社※勤務先はお客様先です,"千代田区, Japan",https://stackoverflow.com/jobs/403858
その他、技術系,株式会社ユニクエスト,"Osaka, Japan",https://stackoverflow.com/jobs/406390
プログラマー(PG)経験者歓迎/前職給与保証/転職者全員が前職より給与アップ/全社員毎年昇給,株式会社サンテクト,"Takamatsu, Japan",https://stackoverflow.com/jobs/409649
プログラマー(PG)福利厚生充実/奨学金手当/最大60万円/住宅手当(月額2万7000円)持ち家でも支給,株式会社サンテクト,"Yokohama, Japan",https://stackoverflow.com/jobs/409637
飯田橋駅|Web系システム開発エンジニア若手大歓迎 あなたの成長を全力でサポートします |アプリケーション設計(オープン WEB系),株式会社ジェネスティコンサルティング 本社※勤務先はお客様先です,"千代田区, Japan",https://stackoverflow.com/jobs/403860
飯田橋駅|Web系システム開発エンジニア若手大歓迎 あなたの成長を全力でサポートします |プログラマ(オープン WEB系),株式会社ジェネスティコンサルティング 本社※勤務先はお客様先です,"千代田区, Japan",https://stackoverflow.com/jobs/403858
"スマートフォンアプリエンジニア(Android,Flutter)/インターネット/Webサービス・ASP",株式会社 インフキュリオンデジタル,"Chiyoda City, Japan",https://stackoverflow.com/jobs/405375
SE,株式会社ユニラボ,"Shinagawa City, Japan",https://stackoverflow.com/jobs/403696
エンジニアリングマネージャー,株式会社うるる,"Chuo City, Japan",https://stackoverflow.com/jobs/396675
Railsエンジニア/100%受託開発/渋谷/ベンチャー/週1リモート/時短勤務可,mofmof inc.,"Shibuya City, Japan",https://stackoverflow.com/jobs/376027
WEBプログラマ/ゲーム・エンタメ,株式会社 オーバードライブ,"Shinjuku City, Japan",https://stackoverflow.com/jobs/407605
保育園完備 子連れ出勤OK 【ママエンジニア募集】ブランクありでもOK,チアーマザーズ株式会社,"Taito City, Japan",https://stackoverflow.com/jobs/340186
ITエンジニア,AsianStream株式会社,"Minato City, Japan",https://stackoverflow.com/jobs/389673
AI・画像処理・画像認識アルゴリズム開発エンジニア/インターネット/Webサービス・ASP,セーフィー 株式会社,"Shinagawa City, Japan",https://stackoverflow.com/jobs/388690
プロジェクトマネジャー・プロジェクトリーダー/モバイル/アプリサービス,株式会社 ソニックス,"Shinagawa City, Japan",https://stackoverflow.com/jobs/402871
Java開発エンジニア(メンバー/リーダー),株式会社デジタルフォルン,"Chiyoda City, Japan",https://stackoverflow.com/jobs/393032
Webエンジニア,株式会社メンバーズ メンバーズエッジカンパニー,"Yokohama, Japan",https://stackoverflow.com/jobs/382316
Webエンジニア(福井県鯖江市勤務)/ITコンサルティング,株式会社 メンバーズ メンバーズエッジカンパニー,"Minamishimabara, Japan",https://stackoverflow.com/jobs/383655
開発リーダー/プロジェクトリーダー(京都)/システムインテグレータ・ソフトハウス,株式会社 ブイ・クルーズ,"Kyoto, Japan",https://stackoverflow.com/jobs/401948
エンジニアリングマネージャー,株式会社クイック,"Minato City, Japan",https://stackoverflow.com/jobs/388696
システムエンジニア,株式会社シャインソフト,"Minato City, Japan",https://stackoverflow.com/jobs/385943
リード・フロントエンドエンジニア,株式会社ゆめみ,"Kyoto, Japan",https://stackoverflow.com/jobs/395863
住まいDiv.Rubyエンジニア,株式会社じげん,"Minato City, Japan",https://stackoverflow.com/jobs/394211
AWSエンジニア/リプレイス,ベルフェイス株式会社,"Minato City, Japan",https://stackoverflow.com/jobs/407363
Webエンジニア/インターネット/Webサービス・ASP,株式会社 アトラエ,"Minato City, Japan",https://stackoverflow.com/jobs/397264
UI/UXデザイナー/その他IT/Web・通信・インターネット系,Fabeee 株式会社,"Chiyoda City, Japan",https://stackoverflow.com/jobs/408017
AWSエンジニア/リプレイス,ベルフェイス株式会社,"Minato City, Japan",https://stackoverflow.com/jobs/407363
リードエンジニア(大阪勤務),シアトルコンサルティング株式会社,"Osaka, Japan",https://stackoverflow.com/jobs/316243
フロントエンドエンジニア,株式会社ゆめみ,"Kyoto, Japan",https://stackoverflow.com/jobs/364678
Webエンジニア,株式会社ダトラ,"大阪市, Japan",https://stackoverflow.com/jobs/383632
大阪支社 / インフラエンジニア,シアトルコンサルティング株式会社,"Osaka, Japan",https://stackoverflow.com/jobs/404678
サーバーサイドエンジニア(完全在宅勤務)/ITコンサルティング,株式会社 メンバーズ メンバーズエッジカンパニー,"Chuo City, Japan",https://stackoverflow.com/jobs/401938
住まいDiv.Rubyエンジニア,株式会社じげん,"Minato City, Japan",https://stackoverflow.com/jobs/394211
(SE)システムエンジニア/福利厚生充実/奨学金手当/最大60万円/住宅手当(月額2万7000円)持ち家でも支給,株式会社サンテクト,"Chiyoda City, Japan",https://stackoverflow.com/jobs/409662
システムエンジニア(SE)経験者歓迎/前職給与保証/転職者全員が前職より給与アップ/全社員毎年昇給,株式会社サンテクト,"Shinjuku City, Japan",https://stackoverflow.com/jobs/409624
システムエンジニア(SE)経験者歓迎/前職給与保証/転職者全員が前職より給与アップ/全社員毎年昇給,株式会社サンテクト,"Shinagawa City, Japan",https://stackoverflow.com/jobs/409668
(SE)システムエンジニア/福利厚生充実/奨学金手当/最大60万円/住宅手当(月額2万7000円)持ち家でも支給,株式会社サンテクト,"Osaka, Japan",https://stackoverflow.com/jobs/409645
開発エンジニア(福岡オフィス)/システムインテグレータ・ソフトハウス,株式会社 スタイル・フリー,"Fukuoka, Japan",https://stackoverflow.com/jobs/401901
システムエンジニア(SE)経験者歓迎/前職給与保証/転職者全員が前職より給与アップ/全社員毎年昇給,株式会社サンテクト,"Takamatsu, Japan",https://stackoverflow.com/jobs/409650
WEB系プログラマ(JAVA、PHP:新大阪、未経験OK,スキルシステムズ　株式会社,"Osaka, Japan",https://stackoverflow.com/jobs/397756
システムエンジニア(SE)経験者歓迎/前職給与保証/転職者全員が前職より給与アップ/全社員毎年昇給,株式会社サンテクト,"Sagamihara, Japan",https://stackoverflow.com/jobs/409642
WEBエンジニア(仙台勤務)/ITコンサルティング,株式会社 メンバーズ メンバーズエッジカンパニー,"Chiyoda City, Japan",https://stackoverflow.com/jobs/383654
サーバーサイドエンジニア,株式会社チェンジ,"Minato City, Japan",https://stackoverflow.com/jobs/400563
(SE)システムエンジニア/福利厚生充実/奨学金手当/最大60万円/住宅手当(月額2万7000円)持ち家でも支給,株式会社サンテクト,"Yokohama, Japan",https://stackoverflow.com/jobs/409638
プロジェクトリーダー/プロジェクトマネージャー,ST&Company Group.,"Shinagawa City, Japan",https://stackoverflow.com/jobs/409407
Java開発エンジニアリード,パーソルキャリア株式会社,"Tokyo, Japan",https://stackoverflow.com/jobs/317068
未経験/第二新卒/エンジニア/賞与4回/六本木駅近,株式会社EVERRISE,"Minato City, Japan",https://stackoverflow.com/jobs/318527
テック×マーケ領域/リードエンジニア//年収600万円可/賞与4回/六本木駅近,株式会社EVERRISE,"Minato City, Japan",https://stackoverflow.com/jobs/318470
【メンバー募集】Webプログラマー/インターネット/Webサービス・ASP,株式会社 コンビーズ,"Osaka, Japan",https://stackoverflow.com/jobs/402101
フリーダムエンジニア/その他IT/Web・通信・インターネット系,Fabeee 株式会社,"Chiyoda City, Japan",https://stackoverflow.com/jobs/401947
ITエンジニア(オープンポジション)/その他IT/Web・通信・インターネット系,Fabeee 株式会社,"Chiyoda City, Japan",https://stackoverflow.com/jobs/402862
現在業務系エンジニア/その他IT/Web・通信・インターネット系,Fabeee 株式会社,"Chiyoda City, Japan",https://stackoverflow.com/jobs/402861
アプリケーションエンジニア,アイレット株式会社,"Osaka, Japan",https://stackoverflow.com/jobs/319803
マークアップエンジニア,株式会社MONSTER DIVE,"Minato City, Japan",https://stackoverflow.com/jobs/384664
Webアプリケーションエンジニア,株式会社ネクストビート,"Shibuya City, Japan",https://stackoverflow.com/jobs/401598
データサイエンティスト/その他IT/Web・通信・インターネット系,Fabeee 株式会社,"Chiyoda City, Japan",https://stackoverflow.com/jobs/402858
$荒野のエンジニア$/その他IT/Web・通信・インターネット系,Fabeee 株式会社,"Chiyoda City, Japan",https://stackoverflow.com/jobs/402860
Webアプリエンジニア,アイレット株式会社,"Osaka, Japan",https://stackoverflow.com/jobs/376136
